装備ID,図鑑番号,装備名,装備種1,装備種2,装備種3,装備種4,装備種5,火力,雷装,対空,装甲,対潜,回避,索敵,運,命中,爆装,射程,レア,廃棄燃料,廃棄弾薬,廃棄鋼材,廃棄ボーキ,図鑑文章,戦闘行動半径,配置コスト
1,1,"12cm単装砲",1,1,1,1,0,1,0,1,0,0,0,0,0,0,0,1,0,0,1,1,0,"",0,0
2,2,"12.7cm連装砲",1,1,1,1,0,2,0,2,0,0,0,0,0,0,0,1,0,0,1,2,0,"",0,0
3,3,"10cm連装高角砲",1,1,1,16,0,2,0,7,0,0,0,0,0,0,0,1,1,0,1,3,0,"",0,0
4,4,"14cm単装砲",1,1,2,2,0,2,0,0,0,0,0,0,0,1,0,2,0,0,2,1,0,"",0,0
5,5,"15.5cm三連装砲",1,1,2,2,0,7,0,4,0,0,0,0,0,1,0,2,0,0,2,5,0,"",0,0
6,6,"20.3cm連装砲",1,1,2,2,0,8,0,3,0,0,0,0,0,0,0,2,0,0,3,4,0,"",0,0
7,7,"35.6cm連装砲",1,1,3,3,0,15,0,4,0,0,0,0,0,0,0,3,0,0,10,15,0,"",0,0
8,8,"41cm連装砲",1,1,3,3,0,20,0,4,0,0,0,0,0,0,0,3,1,0,12,20,0,"",0,0
9,9,"46cm三連装砲",1,1,3,3,0,26,0,5,0,0,0,0,0,0,0,4,2,0,24,25,0,"",0,0
10,10,"12.7cm連装高角砲",1,2,4,16,0,2,0,4,0,0,0,0,0,1,0,1,0,0,2,2,0,"",0,0
11,11,"15.2cm単装砲",1,2,4,4,0,2,0,0,0,0,0,0,0,1,0,2,0,0,2,2,0,"",0,0
12,12,"15.5cm三連装副砲",1,2,4,4,0,7,0,3,0,0,0,0,0,2,0,2,1,0,2,5,0,"",0,0
13,13,"61cm三連装魚雷",2,3,5,5,0,0,5,0,0,0,0,0,0,0,0,1,0,1,1,1,0,"",0,0
14,14,"61cm四連装魚雷",2,3,5,5,0,0,7,0,0,0,0,0,0,0,0,1,0,1,2,2,0,"",0,0
15,15,"61cm四連装(酸素)魚雷",2,3,5,5,0,0,10,0,0,0,0,0,0,0,0,1,1,2,2,2,0,"",0,0
16,16,"九七式艦攻",3,5,8,8,1,0,5,0,0,4,0,1,0,0,0,0,0,1,1,0,2,"",4,5
17,17,"天山",3,5,8,8,1,0,7,0,0,3,0,1,0,0,0,0,1,2,4,0,4,"",5,6
18,18,"流星",3,5,8,8,33,0,10,1,0,4,0,1,0,0,0,0,2,2,5,0,10,"",6,7
19,19,"九六式艦戦",3,5,6,6,11,0,0,3,0,0,1,0,0,0,0,0,0,1,1,0,1,"",3,3
20,20,"零式艦戦21型",3,5,6,6,11,0,0,5,0,0,0,0,0,0,0,0,0,1,1,0,2,"",7,4
21,21,"零式艦戦52型",3,5,6,6,12,0,0,6,0,0,0,0,0,0,0,0,1,1,2,0,3,"",6,5
22,22,"試製烈風 後期型",3,5,6,6,13,0,0,10,0,0,0,0,0,0,0,0,3,2,2,0,9,"",5,7
23,23,"九九式艦爆",3,5,7,7,15,0,0,0,0,3,0,0,0,0,5,0,0,1,1,0,2,"",4,4
24,24,"彗星",3,5,7,7,16,0,0,0,0,3,0,0,0,0,8,0,1,2,3,0,3,"",4,5
25,25,"零式水上偵察機",5,7,10,10,2,0,0,1,0,2,0,5,0,1,1,0,0,1,1,0,2,"",7,5
26,26,"瑞雲",5,43,11,10,32,0,0,2,0,4,0,6,0,1,4,0,1,2,3,0,5,"",5,6
27,27,"13号対空電探",5,8,12,11,0,0,0,2,0,0,0,3,0,1,0,0,1,0,0,10,10,"",0,0
28,28,"22号対水上電探",5,8,12,11,0,0,0,0,0,0,0,5,0,3,0,0,1,0,0,15,15,"",0,0
29,29,"33号対水上電探",5,8,12,11,0,0,0,0,0,0,0,7,0,5,0,0,2,0,0,20,15,"",0,0
30,30,"21号対空電探",5,8,13,11,0,0,0,4,0,0,0,4,0,2,0,0,2,0,0,20,20,"",0,0
31,31,"32号対水上電探",5,8,13,11,0,0,0,0,0,0,0,10,0,8,0,0,3,0,0,20,25,"",0,0
32,32,"42号対空電探",5,8,13,11,0,0,0,6,0,0,0,5,0,4,0,0,4,0,0,25,25,"",0,0
33,33,"改良型艦本式タービン",6,31,17,19,0,0,0,0,0,0,6,0,0,0,0,0,0,10,0,10,0,"",0,0
34,34,"強化型艦本式缶",6,31,17,19,0,0,0,0,0,0,10,0,0,0,0,0,1,10,0,20,0,"",0,0
35,35,"三式弾",4,28,18,12,0,0,0,5,0,0,0,0,0,0,0,0,0,0,9,6,3,"",0,0
36,36,"九一式徹甲弾",4,25,19,13,0,8,0,0,0,0,0,0,0,1,0,0,1,0,3,9,0,"",0,0
37,37,"7.7mm機銃",4,6,21,15,0,0,0,2,0,0,1,0,0,0,0,0,0,0,1,1,0,"",0,0
38,38,"12.7mm単装機銃",4,6,21,15,0,0,0,3,0,0,1,0,0,0,0,0,0,0,1,1,0,"",0,0
39,39,"25mm連装機銃",4,6,21,15,0,0,0,5,0,0,1,0,0,0,0,0,0,0,2,1,0,"",0,0
40,40,"25mm三連装機銃",4,6,21,15,0,0,0,6,0,0,1,0,0,0,0,0,1,0,3,1,0,"",0,0
41,41,"甲標的 甲型",2,4,22,5,0,0,12,0,0,0,0,0,0,0,0,0,1,0,7,7,0,"",0,0
42,42,"応急修理要員",6,30,23,14,0,0,0,0,0,0,0,0,0,0,0,0,0,0,0,1,0,"",0,0
43,43,"応急修理女神",6,30,23,14,0,0,0,0,0,0,0,0,0,0,0,0,2,0,0,1,0,"",0,0
44,44,"九四式爆雷投射機",7,32,15,17,0,0,0,0,0,5,0,0,0,0,0,0,0,0,2,1,1,"",0,0
45,45,"三式爆雷投射機",7,32,15,17,0,0,0,0,0,8,0,0,0,0,0,0,2,0,3,1,1,"",0,0
46,46,"九三式水中聴音機",7,10,14,18,0,0,0,0,0,6,0,0,0,1,0,0,0,0,0,1,1,"",0,0
47,47,"三式水中探信儀",7,10,14,18,0,0,0,0,0,10,0,0,0,2,0,0,2,0,0,1,2,"",0,0
48,48,"12cm単装高角砲",1,1,1,16,0,1,0,3,0,0,0,0,0,0,0,1,0,0,1,1,0,"",0,0
49,49,"25mm単装機銃",4,6,21,15,0,0,0,4,0,0,1,0,0,0,0,0,1,0,1,1,0,"",0,0
50,50,"20.3cm(3号)連装砲",1,1,2,2,0,10,0,4,0,0,0,0,0,1,0,2,1,0,3,4,0,"",0,0
51,51,"12cm30連装噴進砲",4,29,21,15,0,0,0,8,0,0,0,0,0,0,0,0,2,0,4,2,2,"",0,0
52,52,"流星改",3,5,8,8,33,0,13,1,0,3,0,2,0,0,0,0,3,2,6,0,10,"",6,8
53,53,"烈風 一一型",3,5,6,6,13,0,0,12,0,0,0,0,0,0,0,0,4,2,2,0,10,"",5,8
54,54,"彩雲",5,7,9,9,1,0,0,0,0,0,0,9,0,2,0,0,2,2,0,0,11,"",8,9
55,55,"紫電改二",3,5,6,6,12,0,0,9,0,0,3,0,0,0,0,0,2,2,2,0,7,"",3,6
56,56,"震電改",3,5,6,6,20,0,0,15,0,0,0,0,0,0,0,0,5,2,3,0,28,"",2,9
57,57,"彗星一二型甲",3,5,7,7,16,0,0,0,0,3,0,1,0,0,10,0,2,2,3,0,4,"",5,6
58,58,"61cm五連装(酸素)魚雷",2,3,5,5,0,0,12,0,0,0,0,0,0,1,0,1,2,2,3,2,0,"",0,0
59,59,"零式水上観測機",5,7,10,10,2,0,0,2,0,4,0,6,0,2,1,0,1,1,1,0,2,"",3,6
60,60,"零式艦戦62型(爆戦)",3,5,7,7,12,0,0,4,0,3,0,0,0,0,4,0,2,1,3,0,3,"",4,5
61,61,"二式艦上偵察機",5,7,9,9,1,0,0,1,0,0,0,7,0,3,0,0,1,3,1,0,13,"",5,6
62,62,"試製晴嵐",5,43,11,10,2,0,0,0,0,6,0,6,0,1,11,0,4,4,5,0,20,"",4,10
63,63,"12.7cm連装砲B型改二",1,1,1,1,0,3,0,2,0,0,0,0,0,0,0,1,1,0,1,2,0,"",0,0
64,64,"Ju87C改",3,5,7,7,14,0,0,0,0,5,0,0,0,1,9,0,3,2,4,0,5,"",4,6
65,65,"15.2cm連装砲",1,1,2,2,0,5,0,3,0,0,0,0,0,3,0,2,2,0,2,3,0,"",0,0
66,66,"8cm高角砲",1,2,4,16,0,1,0,6,0,0,0,0,0,2,0,1,3,0,1,2,0,"",0,0
67,67,"53cm艦首(酸素)魚雷",2,3,5,5,0,0,15,0,0,0,0,0,0,2,0,1,1,2,2,2,0,"",0,0
68,68,"大発動艇",8,14,24,20,0,0,0,0,0,0,0,0,0,0,0,0,0,1,1,0,1,"",0,0
69,69,"カ号観測機",3,15,25,21,53,0,0,0,0,9,0,0,0,1,0,0,3,1,1,0,4,"",1,2
70,70,"三式指揮連絡機(対潜)",3,16,26,22,54,0,0,0,0,7,0,1,0,2,0,0,1,1,1,0,2,"",2,3
71,71,"10cm連装高角砲(砲架)",1,2,4,16,0,1,0,7,0,0,0,0,0,1,0,1,3,0,1,3,0,"",0,0
72,72,"増設バルジ(中型艦)",6,17,27,23,0,0,0,0,7,0,-2,0,0,0,0,0,2,0,0,12,0,"",0,0
73,73,"増設バルジ(大型艦)",6,17,28,23,0,0,0,0,9,0,-3,0,0,0,0,0,2,0,0,30,0,"",0,0
74,74,"探照灯",8,18,29,24,0,0,0,0,0,0,0,2,0,0,0,0,0,0,0,1,1,"",0,0
75,75,"ドラム缶(輸送用)",9,19,30,25,0,0,0,0,0,0,0,0,0,0,0,0,0,0,0,1,0,"",0,0
76,76,"38cm連装砲",1,1,3,3,0,16,0,1,0,0,0,0,0,1,0,3,0,0,11,18,0,"",0,0
77,77,"15cm連装副砲",1,2,4,4,0,4,0,2,0,0,0,0,0,2,0,2,0,0,2,4,0,"",0,0
78,78,"12.7cm単装砲",1,1,1,1,0,2,0,0,0,0,0,0,0,1,0,1,0,0,1,1,0,"",0,0
79,79,"瑞雲(六三四空)",5,43,11,10,32,0,0,2,0,5,0,6,0,1,6,0,2,2,3,0,5,"",5,6
80,80,"瑞雲12型",5,43,11,10,32,0,0,3,0,5,0,6,0,1,7,0,3,2,3,0,6,"",5,7
81,81,"瑞雲12型(六三四空)",5,43,11,10,32,0,0,3,0,6,0,7,0,1,9,0,4,2,3,0,6,"",5,7
82,82,"九七式艦攻(九三一空)",3,5,8,8,1,0,6,0,0,7,0,2,0,0,0,0,2,2,3,0,4,"",4,5
83,83,"天山(九三一空)",3,5,8,8,1,0,9,0,0,8,0,2,0,0,0,0,3,2,4,0,5,"",5,6
84,84,"2cm 四連装FlaK 38",4,6,21,15,0,0,0,7,0,0,0,0,0,1,0,0,3,0,3,1,1,"",0,0
85,85,"3.7cm FlaK M42",4,6,21,15,0,1,0,8,0,0,0,0,0,1,0,0,3,0,3,1,1,"",0,0
86,86,"艦艇修理施設",10,20,31,26,0,0,0,0,0,0,0,0,0,0,0,0,3,10,5,20,10,"",0,0
87,87,"新型高温高圧缶",6,31,17,19,0,0,0,0,0,0,13,0,0,0,0,0,3,20,0,25,0,"",0,0
88,88,"22号対水上電探改四",5,8,12,11,0,0,0,0,0,2,0,5,0,8,0,0,3,0,0,16,16,"",0,0
89,89,"21号対空電探改",5,8,13,11,0,0,0,5,0,0,1,6,0,3,0,0,3,0,0,21,23,"",0,0
90,90,"20.3cm(2号)連装砲",1,1,2,2,0,9,0,3,0,0,0,0,0,1,0,2,1,0,3,4,0,"",0,0
91,91,"12.7cm連装高角砲(後期型)",1,2,1,16,0,2,0,5,0,1,1,0,0,1,0,1,1,0,2,2,0,"",0,0
92,92,"毘式40mm連装機銃",4,6,21,15,0,0,0,6,0,0,1,0,0,0,0,0,0,0,2,1,0,"",0,0
93,93,"九七式艦攻(友永隊)",3,5,8,8,1,0,11,1,0,5,0,4,0,3,0,0,4,1,1,0,2,"",4,5
94,94,"天山一二型(友永隊)",3,5,8,8,1,0,14,1,0,6,0,5,0,3,0,0,5,2,4,0,4,"",5,6
95,95,"潜水艦53cm艦首魚雷(8門)",2,3,32,5,0,0,16,0,0,0,0,0,0,3,0,1,2,2,4,2,0,"",0,0
96,96,"零式艦戦21型(熟練)",3,5,6,6,11,0,0,8,0,0,2,1,0,2,0,0,3,1,1,0,2,"",7,4
97,97,"九九式艦爆(熟練)",3,5,7,7,15,0,0,1,0,4,0,2,0,2,7,0,3,1,1,0,2,"",4,4
98,98,"九七式艦攻(熟練)",3,5,8,8,1,0,8,0,0,5,0,2,0,2,0,0,3,1,1,0,2,"",4,5
99,99,"九九式艦爆(江草隊)",3,5,7,7,40,0,0,0,0,5,0,3,0,4,10,0,4,1,1,0,2,"",4,4
100,100,"彗星(江草隊)",3,5,7,7,16,0,0,1,0,5,0,4,0,4,13,0,5,2,3,0,3,"",5,5
101,101,"照明弾",11,21,33,27,0,0,0,0,0,0,0,0,0,0,0,0,1,0,2,1,1,"",0,0
102,102,"九八式水上偵察機(夜偵)",5,7,10,50,2,0,0,0,0,1,0,3,0,1,0,0,3,2,1,0,4,"",6,8
103,103,"試製35.6cm三連装砲",1,1,3,3,0,18,0,5,0,0,0,0,0,2,0,3,4,0,11,18,0,"",0,0
104,104,"35.6cm連装砲(ダズル迷彩)",1,1,3,3,0,15,0,5,0,0,1,0,0,1,0,3,3,0,10,15,0,"",0,0
105,105,"試製41cm三連装砲",1,1,3,3,0,22,0,5,0,0,0,0,0,2,0,3,4,0,14,22,0,"",0,0
106,106,"13号対空電探改",5,8,12,11,0,0,0,4,0,0,1,4,0,2,0,0,3,0,0,10,11,"",0,0
107,107,"艦隊司令部施設",12,22,34,28,0,0,0,1,0,0,1,1,0,1,0,0,5,1,1,1,1,"",0,0
108,108,"熟練艦載機整備員",13,23,35,29,0,10,0,1,0,0,0,1,0,1,0,3,3,1,10,1,10,"",0,0
109,109,"零戦52型丙(六〇一空)",3,5,6,6,13,0,0,9,0,0,1,0,0,1,0,0,3,1,2,0,3,"",6,5
110,110,"烈風(六〇一空)",3,5,6,6,13,0,0,11,0,0,2,0,0,1,0,0,4,2,2,0,9,"",5,7
111,111,"彗星(六〇一空)",3,5,7,7,16,0,0,0,0,4,0,1,0,1,11,0,3,2,3,0,3,"",5,5
112,112,"天山(六〇一空)",3,5,8,8,1,0,10,0,0,4,0,2,0,1,0,0,3,2,4,0,4,"",5,6
113,113,"流星(六〇一空)",3,5,8,8,17,0,13,0,0,5,0,3,0,1,0,0,4,2,5,0,10,"",6,7
114,114,"38cm連装砲改",1,1,3,3,0,17,0,2,0,0,0,0,0,3,0,3,2,0,12,18,0,"",0,0
115,115,"Ar196改",5,7,10,10,2,0,0,1,0,5,0,5,0,2,1,0,2,1,2,0,2,"",3,5
116,116,"一式徹甲弾",4,25,19,13,0,9,0,0,0,0,0,0,0,2,0,0,3,0,4,9,0,"",0,0
117,117,"試製46cm連装砲",1,1,3,3,0,23,0,4,0,0,0,0,0,1,0,4,4,1,18,23,0,"",0,0
118,118,"紫雲",5,7,10,10,2,0,0,0,0,2,0,8,0,1,1,0,4,1,1,0,15,"",4,9
119,119,"14cm連装砲",1,1,2,2,0,4,0,0,0,0,0,0,0,2,0,2,1,0,2,2,0,"",0,0
120,120,"91式高射装置",14,24,36,30,0,0,0,2,0,0,1,0,0,0,0,0,1,0,1,0,1,"",0,0
121,121,"94式高射装置",14,24,36,30,0,0,0,3,0,0,1,0,0,0,0,0,2,0,1,0,2,"",0,0
122,122,"10cm連装高角砲+高射装置",1,1,1,16,0,3,0,10,0,0,1,0,0,1,0,1,3,0,2,3,2,"",0,0
123,123,"SKC34 20.3cm連装砲",1,1,2,2,0,10,0,2,0,0,0,0,0,3,0,2,3,0,4,5,0,"",0,0
124,124,"FuMO25 レーダー",5,8,13,11,0,3,0,7,0,0,0,9,0,10,0,0,4,0,0,27,29,"",0,0
125,125,"61cm三連装(酸素)魚雷",2,3,5,5,0,0,8,0,1,0,1,0,0,0,0,1,2,2,2,1,0,"",0,0
126,126,"WG42 (Wurfgerät 42)",15,26,37,31,0,1,0,0,-1,0,0,0,0,0,0,1,4,1,4,2,1,"",0,0
127,127,"試製FaT仕様九五式酸素魚雷改",2,3,32,5,0,0,14,0,0,0,2,0,0,7,0,1,5,2,2,1,1,"",0,0
128,128,"試製51cm連装砲",1,1,3,3,0,30,0,5,0,0,-1,0,0,1,0,4,5,0,30,28,0,"",0,0
129,129,"熟練見張員",16,27,39,32,0,0,0,1,0,0,3,2,0,2,0,0,3,1,0,0,0,"",0,0
130,130,"12.7cm高角砲+高射装置",1,2,4,16,0,1,0,8,0,0,1,0,0,1,0,1,3,0,2,3,2,"",0,0
131,131,"25mm三連装機銃 集中配備",4,6,21,15,0,0,0,9,0,0,1,0,0,0,0,0,3,0,5,2,1,"",0,0
132,132,"零式水中聴音機",7,10,40,18,0,0,0,0,0,11,1,1,0,1,0,0,3,0,0,3,3,"",0,0
133,133,"381mm/50 三連装砲",1,1,3,3,0,20,0,2,0,0,-1,0,0,-3,0,4,4,0,16,21,0,"",0,0
134,134,"OTO 152mm三連装速射砲",1,2,4,4,0,8,0,2,1,0,0,0,0,1,0,2,3,0,2,5,0,"",0,0
135,135,"90mm単装高角砲",1,2,4,16,0,1,0,8,0,0,0,0,0,1,0,1,3,0,1,3,0,"",0,0
136,136,"プリエーゼ式水中防御隔壁",6,17,28,23,0,0,0,0,7,0,-1,0,0,0,0,0,3,0,0,24,4,"",0,0
137,137,"381mm/50 三連装砲改",1,1,3,3,0,21,0,4,0,0,-1,0,0,-1,0,4,5,0,16,22,1,"",0,0
138,138,"二式大艇",17,33,41,33,19,0,0,0,0,1,0,12,0,1,0,0,4,9,2,0,26,"",20,25
139,139,"15.2cm連装砲改",1,1,2,2,0,6,0,3,0,0,0,0,0,4,0,2,3,0,2,3,1,"",0,0
140,140,"96式150cm探照灯",8,18,42,24,0,0,0,1,0,0,0,3,0,0,0,0,3,0,0,1,3,"",0,0
141,141,"32号対水上電探改",5,8,13,11,0,0,0,0,0,0,0,11,0,9,0,0,4,0,0,22,26,"",0,0
142,142,"15m二重測距儀+21号電探改二",5,8,13,11,0,1,0,8,1,0,1,7,0,9,0,0,4,0,0,26,28,"",0,0
143,143,"九七式艦攻(村田隊)",3,5,8,8,1,0,12,1,0,5,0,4,0,2,0,0,4,1,1,0,2,"",4,5
144,144,"天山一二型(村田隊)",3,5,8,8,1,0,15,1,0,6,0,4,0,2,0,0,5,2,4,0,4,"",5,6
145,145,"戦闘糧食",18,34,43,34,0,0,0,0,0,0,0,0,0,0,0,0,1,1,0,0,0,"",0,0
146,146,"洋上補給",19,35,44,35,0,0,0,0,-2,0,0,0,0,0,0,0,2,30,30,0,0,"",0,0
147,147,"120mm/50 連装砲",1,1,1,1,0,3,0,2,0,0,0,0,0,1,0,1,2,0,1,2,0,"",0,0
148,148,"試製南山",3,5,7,7,24,0,0,1,0,4,0,2,0,0,11,0,5,4,5,0,15,"",5,9
149,149,"四式水中聴音機",7,10,14,18,0,0,0,0,1,12,0,0,0,1,0,0,4,0,0,1,3,"",0,0
150,150,"秋刀魚の缶詰",18,34,43,34,0,0,0,0,0,0,0,0,0,0,0,0,2,1,0,0,1,"",0,0
151,151,"試製景雲(艦偵型)",5,7,9,9,1,2,0,0,0,0,0,11,0,2,0,0,5,4,0,0,14,"",8,12
152,152,"零式艦戦52型(熟練)",3,5,6,6,12,0,0,9,0,0,2,1,0,1,0,0,3,1,2,0,3,"",6,5
153,153,"零戦52型丙(付岩井小隊)",3,5,6,6,12,0,0,10,0,0,2,1,0,1,0,0,4,1,2,0,4,"",6,5
154,154,"零戦62型(爆戦/岩井隊)",3,5,7,7,12,0,0,7,0,3,2,1,0,1,4,0,5,1,3,0,4,"",5,5
155,155,"零戦21型(付岩本小隊)",3,5,6,6,11,0,0,9,0,0,3,1,0,1,0,0,3,1,2,0,2,"",7,4
156,156,"零戦52型甲(付岩本小隊)",3,5,6,6,12,0,0,11,0,0,3,1,0,1,0,0,4,1,2,0,4,"",6,5
157,157,"零式艦戦53型(岩本隊)",3,5,6,6,12,0,0,12,0,0,4,3,0,2,0,0,5,1,2,0,5,"",6,6
158,158,"Bf109T改",3,5,6,6,14,1,0,8,0,0,4,0,0,0,0,0,3,1,2,0,6,"",2,6
159,159,"Fw190T改",3,5,6,6,37,2,0,10,0,0,2,0,0,0,0,0,4,2,3,0,8,"",3,6
160,160,"10.5cm連装砲",1,2,4,16,0,3,0,6,0,0,1,0,0,2,0,1,3,0,2,4,0,"",0,0
161,161,"16inch三連装砲 Mk.7",1,1,3,3,0,24,0,3,1,0,0,0,0,4,0,3,5,0,20,22,2,"",0,0
162,162,"203mm/53 連装砲",1,1,2,2,0,9,0,1,0,0,0,0,0,-2,0,3,3,0,4,4,0,"",0,0
163,163,"Ro.43水偵",5,7,10,10,25,1,0,1,0,2,1,4,0,2,0,0,3,1,1,0,2,"",3,4
164,164,"Ro.44水上戦闘機",5,36,45,43,25,0,0,2,0,1,2,2,0,1,0,0,3,1,1,0,2,"",3,4
165,165,"二式水戦改",5,36,45,43,3,0,0,3,0,1,2,1,0,1,0,0,2,1,1,0,4,"",4,5
166,166,"大発動艇(八九式中戦車&陸戦隊)",8,14,24,20,0,0,0,0,0,0,0,0,0,0,0,0,2,1,2,4,1,"",0,0
167,167,"特二式内火艇",20,37,46,36,0,0,0,0,0,0,0,0,0,0,0,0,3,1,2,3,2,"",0,0
168,168,"九六式陸攻",21,38,47,37,4,0,8,1,0,2,0,2,0,0,10,0,1,7,4,0,12,"",8,10
169,169,"一式陸攻",21,38,47,37,4,0,10,2,0,2,0,3,0,0,12,0,2,8,5,0,13,"",9,12
170,170,"一式陸攻(野中隊)",21,38,47,37,4,0,12,3,0,2,0,4,0,1,13,0,4,8,5,0,14,"",9,12
171,171,"OS2U",5,7,10,10,43,0,0,1,0,1,1,6,0,2,1,0,3,2,1,0,2,"",3,6
172,172,"5inch連装砲 Mk.28 mod.2",1,2,4,16,0,4,0,9,1,0,1,0,0,2,0,1,4,0,3,4,2,"",0,0
173,173,"Bofors 40mm四連装機関砲",4,6,21,15,0,1,0,11,1,0,2,0,0,1,0,0,4,0,6,1,3,"",0,0
174,174,"53cm連装魚雷",2,3,5,5,0,0,3,0,0,0,2,0,0,0,0,1,1,1,1,1,0,"",0,0
175,175,"雷電",22,39,48,38,18,0,0,6,0,0,2,0,0,5,0,0,4,3,2,0,7,"",2,6
176,176,"三式戦 飛燕",22,39,48,44,18,0,0,8,0,0,3,0,0,1,0,0,3,1,2,0,6,"",3,7
177,177,"三式戦 飛燕(飛行第244戦隊)",22,39,48,44,18,0,0,9,0,0,4,0,0,3,0,0,5,1,2,0,6,"",4,7
178,178,"PBY-5A Catalina",17,33,41,33,19,0,0,0,0,2,0,9,0,2,0,0,4,8,2,0,18,"",10,13
179,179,"試製61cm六連装(酸素)魚雷",2,3,5,5,0,0,14,0,0,0,0,0,0,2,0,1,4,2,4,2,0,"",0,0
180,180,"一式陸攻 二二型甲",21,38,47,37,4,0,11,3,0,2,0,4,0,0,12,0,3,8,5,0,14,"",10,12
181,181,"零式艦戦32型",3,5,6,6,11,0,0,5,0,0,2,0,0,0,0,0,2,1,2,0,2,"",5,4
182,182,"零式艦戦32型(熟練)",3,5,6,6,11,0,0,8,0,0,4,0,0,1,0,0,3,1,2,0,2,"",5,4
183,183,"16inch三連装砲 Mk.7+GFCS",1,1,3,3,0,24,0,3,1,0,1,0,0,7,0,3,6,0,20,22,18,"",0,0
184,184,"Re.2001 OR改",3,5,6,6,14,3,0,6,0,0,2,0,0,0,0,0,3,1,2,0,6,"",4,6
185,185,"三式戦 飛燕一型丁",22,39,48,44,18,0,0,9,0,0,3,0,0,2,0,0,4,1,2,0,6,"",4,7
186,186,"一式陸攻 三四型",21,38,47,37,4,0,11,4,0,2,0,4,0,1,12,0,4,8,6,0,15,"",8,12
187,187,"銀河",21,38,47,37,4,0,14,3,0,3,0,3,0,1,14,0,4,9,6,0,17,"",9,13
188,188,"Re.2001 G改",3,5,8,8,14,3,4,4,0,0,2,0,0,0,0,0,4,1,3,0,6,"",3,6
189,189,"Re.2005 改",3,5,6,6,14,1,0,11,0,0,3,0,0,0,0,0,5,2,3,0,10,"",3,6
190,190,"38.1cm Mk.I連装砲",1,1,3,3,0,18,0,1,0,0,0,0,0,1,0,3,3,0,11,18,0,"",0,0
191,191,"QF 2ポンド8連装ポンポン砲",4,6,21,15,0,1,0,10,0,0,0,0,0,0,0,0,3,0,6,1,2,"",0,0
192,192,"38.1cm Mk.I/N連装砲改",1,1,3,3,0,19,0,3,0,0,0,0,0,2,0,3,4,0,12,19,2,"",0,0
193,193,"特大発動艇",8,14,24,20,0,0,0,0,0,0,0,0,0,0,0,0,2,2,2,0,1,"",0,0
194,194,"Laté 298B",5,43,11,10,14,2,4,1,0,2,1,4,0,0,5,0,3,2,4,0,5,"",4,7
195,195,"SBD",3,5,7,7,21,1,0,2,0,3,2,2,0,1,6,0,2,1,3,0,2,"",4,5
196,196,"TBD",3,5,8,8,21,1,5,0,0,4,0,2,0,0,0,0,2,1,4,0,3,"",4,6
197,197,"F4F-3",3,5,6,6,21,1,0,4,0,0,2,0,0,0,0,0,2,1,2,0,2,"",4,5
198,198,"F4F-4",3,5,6,6,21,1,0,5,0,0,2,1,0,1,0,0,3,1,3,0,2,"",4,6
199,199,"噴式景雲改",3,40,57,39,22,0,0,6,0,0,0,3,0,1,15,3,5,7,5,12,16,"",3,14
200,200,"橘花改",3,40,57,40,23,0,0,12,0,0,1,0,0,0,11,3,5,6,4,10,14,"",2,13
201,201,"紫電一一型",22,39,48,38,12,0,0,8,1,0,1,0,0,1,0,0,3,2,2,0,6,"",3,6
202,202,"紫電二一型 紫電改",22,39,48,38,12,0,0,9,2,0,3,0,0,1,0,0,3,2,2,0,7,"",4,6
203,203,"艦本新設計 増設バルジ(中型艦)",6,17,27,23,0,0,0,0,8,0,-1,0,0,0,0,0,3,0,0,24,2,"",0,0
204,204,"艦本新設計 増設バルジ(大型艦)",6,17,28,23,0,0,0,0,10,0,-2,0,0,0,0,0,3,0,0,30,3,"",0,0
205,205,"F6F-3",3,5,6,6,21,1,0,8,0,0,2,1,0,1,0,0,4,1,2,0,3,"",5,8
206,206,"F6F-5",3,5,6,6,21,1,0,10,0,0,3,1,0,1,0,0,5,2,4,0,5,"",5,8
207,207,"瑞雲(六三一空)",5,43,11,10,24,0,0,1,0,2,0,4,0,2,7,0,3,2,3,0,5,"",5,6
208,208,"晴嵐(六三一空)",5,43,11,10,2,0,0,0,0,3,0,6,0,2,12,0,5,4,5,0,20,"",4,10
209,209,"彩雲(輸送用分解済)",23,41,50,41,0,0,0,0,0,0,0,0,0,0,0,0,3,2,0,0,11,"",0,0
210,210,"潜水艦搭載電探&水防式望遠鏡",24,42,51,42,0,1,0,1,0,0,8,4,0,2,0,0,2,0,0,12,13,"",0,0
211,211,"潜水艦搭載電探&逆探(E27)",24,42,51,42,0,1,0,1,0,0,11,5,0,3,0,0,4,0,0,13,15,"",0,0
212,212,"彩雲(東カロリン空)",5,7,9,9,1,1,0,0,0,0,0,10,0,2,0,0,4,2,0,0,11,"",8,9
213,213,"後期型艦首魚雷(6門)",2,3,32,5,0,0,15,0,0,0,1,0,0,3,0,1,3,2,3,2,1,"",0,0
214,214,"熟練聴音員+後期型艦首魚雷(6門)",2,3,32,5,0,0,15,0,0,0,4,1,0,5,0,1,4,2,3,2,2,"",0,0
215,215,"Ro.44水上戦闘機bis",5,36,45,43,25,0,0,3,0,1,2,3,0,2,0,0,4,1,1,0,2,"",3,4
216,216,"二式水戦改(熟練)",5,36,45,43,3,0,0,5,0,1,2,1,0,1,0,0,4,1,1,0,4,"",4,5
217,217,"強風改",5,36,45,43,26,0,0,5,0,0,3,1,0,0,0,0,3,1,1,0,6,"",3,6
218,218,"四式戦 疾風",22,39,48,44,27,0,0,10,0,0,1,0,0,1,0,0,3,3,2,0,9,"",5,7
219,219,"零式艦戦63型(爆戦)",3,5,7,7,12,0,0,5,0,2,0,0,0,0,5,0,3,1,4,0,4,"",4,6
220,220,"8cm高角砲改+増設機銃",1,2,4,16,0,1,0,7,0,0,1,0,0,2,0,1,4,0,2,3,2,"",0,0
221,221,"一式戦 隼II型",22,39,48,44,18,0,0,6,0,0,2,0,0,0,0,0,2,1,1,0,3,"",6,4
222,222,"一式戦 隼III型甲",22,39,48,44,27,1,0,7,0,0,3,0,0,1,0,0,3,1,1,0,4,"",6,4
223,223,"一式戦 隼III型甲(54戦隊)",22,39,48,44,27,2,0,8,0,0,3,1,0,1,0,0,4,1,1,0,4,"",7,4
224,224,"爆装一式戦 隼III型改(65戦隊)",22,39,47,44,27,3,0,6,0,0,2,1,0,4,9,0,4,1,3,0,5,"",5,4
225,225,"一式戦 隼II型(64戦隊)",22,39,48,44,27,1,0,11,0,0,5,1,0,1,0,0,5,1,2,0,3,"",7,4
226,226,"九五式爆雷",7,32,15,17,0,0,0,0,0,4,0,0,0,0,0,0,1,1,2,0,1,"",0,0
227,227,"二式爆雷",7,32,15,17,0,0,0,0,0,7,0,0,0,0,0,0,2,1,3,0,1,"",0,0
228,228,"九六式艦戦改",3,5,6,6,1,0,0,4,0,0,2,0,0,0,0,0,2,1,1,0,2,"",4,3
229,229,"12.7cm単装高角砲(後期型)",1,1,1,16,0,1,0,4,0,1,1,0,0,1,0,1,2,0,1,2,0,"",0,0
230,230,"特大発動艇+戦車第11連隊",8,14,24,20,0,0,0,0,0,0,0,0,0,0,0,0,4,2,4,5,1,"",0,0
231,231,"30.5cm三連装砲",1,1,3,3,0,16,0,0,1,0,0,0,0,1,0,3,2,0,8,12,0,"",0,0
232,232,"30.5cm三連装砲改",1,1,3,3,0,17,0,3,1,0,1,0,0,3,0,3,3,0,9,13,3,"",0,0
233,233,"F4U-1D",3,5,7,7,46,1,0,7,0,1,1,1,0,0,7,0,5,2,6,0,7,"",6,9
234,234,"15.5cm三連装副砲改",1,2,4,4,0,7,0,5,0,0,1,0,0,4,0,2,3,0,3,6,1,"",0,0
235,235,"15.5cm三連装砲改",1,1,2,2,0,7,0,5,1,0,1,0,0,3,0,2,3,0,3,6,1,"",0,0
236,236,"41cm三連装砲改",1,1,3,3,0,22,0,6,1,0,0,0,0,4,0,3,5,0,18,23,4,"",0,0
237,237,"瑞雲(六三四空/熟練)",5,43,11,10,32,0,0,4,0,6,1,7,0,1,9,0,5,2,3,0,5,"",5,7
238,238,"零式水上偵察機11型乙",5,7,10,10,2,1,0,1,0,7,0,6,0,2,0,0,3,1,2,0,3,"",7,5
239,239,"零式水上偵察機11型乙(熟練)",5,7,10,10,2,2,0,1,0,8,0,8,0,3,0,0,4,1,2,0,3,"",7,5
240,240,"22号対水上電探改四(後期調整型)",5,8,12,11,0,1,0,0,0,2,0,7,0,9,0,0,4,0,0,16,17,"",0,0
241,241,"戦闘糧食(特別なおにぎり)",18,34,43,34,0,0,0,0,0,0,0,0,0,0,0,0,3,1,0,0,1,"",0,0
242,242,"Swordfish",3,5,8,8,28,2,3,0,0,4,0,1,0,1,0,0,2,1,1,0,1,"",3,3
243,243,"Swordfish Mk.II(熟練)",3,5,8,8,28,3,5,0,0,6,0,2,0,3,0,0,3,1,2,0,1,"",3,3
244,244,"Swordfish Mk.III(熟練)",3,5,8,8,28,4,8,0,0,10,0,5,0,4,0,0,4,1,3,0,2,"",3,4
245,245,"38cm四連装砲",1,1,3,3,0,21,0,1,0,0,0,0,0,1,0,3,4,0,20,24,3,"",0,0
246,246,"38cm四連装砲改",1,1,3,3,0,22,0,2,1,0,0,0,0,3,0,2,5,0,21,24,4,"",0,0
247,247,"15.2cm三連装砲",1,2,4,4,0,6,0,1,0,0,0,0,0,3,0,2,3,0,2,5,0,"",0,0
248,248,"Skua",3,5,7,7,14,0,0,2,0,2,2,0,0,0,4,0,2,1,2,0,1,"",4,4
249,249,"Fulmar",3,5,6,6,14,1,0,3,0,2,1,1,0,2,0,0,2,1,2,0,2,"",4,5
250,250,"Spitfire Mk.I",22,39,48,44,29,1,0,7,0,0,1,0,0,2,0,0,3,1,2,0,4,"",4,5
251,251,"Spitfire Mk.V",22,39,48,44,29,1,0,9,0,0,2,0,0,3,0,0,4,1,2,0,6,"",5,5
252,252,"Seafire Mk.III改",3,5,6,6,29,1,0,9,1,0,2,0,0,1,0,0,4,1,2,0,6,"",4,6
253,253,"Spitfire Mk.IX(熟練)",22,39,48,44,29,1,0,10,0,0,4,0,0,2,0,0,5,2,2,0,7,"",4,6
254,254,"F6F-3N",3,5,6,45,21,0,0,8,0,4,3,2,0,2,0,0,4,2,3,0,5,"",5,9
255,255,"F6F-5N",3,5,6,45,21,0,0,10,0,5,3,3,0,3,0,0,5,2,4,0,6,"",5,9
256,256,"TBF",3,5,8,8,21,2,9,1,0,6,0,2,0,0,0,0,3,3,6,0,11,"",6,10
257,257,"TBM-3D",3,5,8,46,21,2,9,1,0,8,0,4,0,2,0,0,4,3,7,0,12,"",6,11
258,258,"夜間作戦航空要員",13,23,35,29,0,1,0,0,1,0,0,0,0,0,0,2,3,1,10,1,10,"",0,0
259,259,"夜間作戦航空要員+熟練甲板員",13,23,35,29,0,3,0,0,1,0,1,0,0,2,0,3,4,1,10,1,10,"",0,0
260,260,"Type124 ASDIC",7,10,14,18,0,0,0,0,0,11,1,0,0,2,0,0,3,0,0,1,4,"",0,0
261,261,"Type144/147 ASDIC",7,10,14,18,0,0,0,0,0,13,1,0,0,3,0,0,4,0,0,1,5,"",0,0
262,262,"HF/DF + Type144/147 ASDIC",7,10,14,18,0,0,0,0,0,15,2,2,0,3,0,0,5,0,0,1,6,"",0,0
263,263,"紫電改(三四三空) 戦闘301",22,39,48,38,12,0,0,11,2,0,4,0,0,2,0,0,4,2,4,0,8,"",4,6
264,264,"紫電改(三四三空) 戦闘701",22,39,48,38,12,0,0,11,2,0,4,0,0,2,0,0,4,2,4,0,8,"",4,6
265,265,"紫電改(三四三空) 戦闘407",22,39,48,38,12,0,0,11,2,0,4,0,0,2,0,0,4,2,4,0,8,"",4,6
266,266,"12.7cm連装砲C型改二",1,1,1,1,0,3,0,2,1,0,0,0,0,1,0,1,2,0,1,2,0,"",0,0
267,267,"12.7cm連装砲D型改二",1,1,1,1,0,3,0,4,1,0,1,0,0,2,0,1,3,0,2,2,1,"",0,0
268,268,"北方迷彩(+北方装備)",6,17,27,23,0,0,0,0,2,0,2,0,0,0,0,0,3,1,0,3,1,"",0,0
269,269,"試製東海",21,38,47,47,30,0,0,0,0,10,0,5,0,0,2,0,3,3,3,0,12,"",8,9
270,270,"東海(九〇一空)",21,38,47,47,30,0,0,0,0,11,0,6,0,1,2,0,4,4,3,0,13,"",8,9
271,271,"紫電改四",3,5,6,6,12,0,0,10,1,0,3,0,0,1,0,0,4,2,4,0,8,"",4,7
272,272,"遊撃部隊 艦隊司令部",12,22,34,28,0,0,0,0,1,0,1,1,0,1,0,0,5,2,1,1,1,"",0,0
273,273,"彩雲(偵四)",5,7,9,9,1,0,0,2,0,0,0,10,0,2,0,0,4,2,0,0,11,"",7,9
274,274,"12cm30連装噴進砲改二",4,29,21,15,0,0,0,8,1,0,3,0,0,1,0,0,4,0,5,2,3,"",0,0
275,275,"10cm連装高角砲改+増設機銃",1,2,4,16,0,2,0,9,1,0,1,0,0,2,0,1,4,0,3,4,2,"",0,0
276,276,"46cm三連装砲改",1,1,3,3,0,27,0,6,2,0,0,0,0,2,0,4,4,0,25,26,2,"",0,0
277,277,"FM-2",3,5,7,7,21,2,0,6,0,1,2,0,0,2,2,0,4,1,3,0,3,"",4,6
278,278,"SK レーダー",5,8,13,11,0,0,0,8,0,0,2,10,0,1,0,0,3,0,0,21,25,"",0,0
279,279,"SK+SG レーダー",5,8,13,11,0,1,0,9,0,0,4,12,0,4,0,2,4,0,0,22,27,"",0,0
280,280,"QF 4.7inch砲 Mk.XII改",1,1,1,1,0,3,0,3,0,1,1,0,0,1,0,1,3,0,2,2,1,"",0,0
281,281,"51cm連装砲",1,1,3,3,0,32,0,5,2,0,-1,0,0,1,0,4,5,0,30,28,0,"",0,0
282,282,"130mm B-13連装砲",1,1,1,1,0,4,0,1,1,0,0,0,0,0,0,1,3,0,2,3,0,"",0,0
283,283,"533mm 三連装魚雷",2,3,5,5,0,1,5,0,0,0,1,0,0,0,0,1,2,1,1,1,0,"",0,0
284,284,"5inch単装砲 Mk.30",1,1,1,16,0,2,0,6,1,0,2,0,0,1,0,1,3,0,1,2,2,"",0,0
285,285,"61cm三連装(酸素)魚雷後期型",2,3,5,5,0,0,9,0,1,0,2,0,0,2,0,1,3,2,2,2,1,"",0,0
286,286,"61cm四連装(酸素)魚雷後期型",2,3,5,5,0,0,11,0,1,0,0,0,0,2,0,1,3,2,3,2,1,"",0,0
287,287,"三式爆雷投射機 集中配備",7,32,15,17,0,0,0,0,0,12,0,0,0,0,0,0,3,0,6,2,2,"",0,0
288,288,"試製15cm9連装対潜噴進砲",7,32,15,17,0,0,0,0,0,15,0,0,0,1,0,0,4,0,9,3,2,"",0,0
289,289,"35.6cm三連装砲改(ダズル迷彩仕様)",1,1,3,3,0,19,0,5,0,0,2,0,0,3,0,3,4,0,16,20,2,"",0,0
290,290,"41cm三連装砲改二",1,1,3,3,0,23,0,6,0,0,0,0,0,5,0,3,5,0,20,22,6,"",0,0
291,291,"彗星二二型(六三四空)",3,5,7,7,16,0,0,1,0,4,0,0,0,2,11,3,3,2,4,0,3,"",5,5
292,292,"彗星二二型(六三四空/熟練)",3,5,7,7,16,0,0,2,0,5,0,2,0,3,12,3,4,2,5,0,3,"",6,5
293,293,"12cm単装砲改二",1,1,1,1,0,1,0,0,1,0,1,0,0,1,0,1,2,0,1,1,0,"",0,0
294,294,"12.7cm連装砲A型改二",1,1,1,1,0,2,0,1,1,0,0,0,0,1,0,1,2,0,1,2,0,"",0,0
295,295,"12.7cm連装砲A型改三(戦時改修)+高射装置",1,1,1,16,0,2,0,8,1,0,0,0,0,1,0,1,3,0,2,2,2,"",0,0
296,296,"12.7cm連装砲B型改四(戦時改修)+高射装置",1,1,1,16,0,3,0,9,1,0,0,0,0,1,0,1,3,0,3,2,2,"",0,0
297,297,"12.7cm連装砲A型",1,1,1,1,0,2,0,1,0,0,0,0,0,0,0,1,1,0,1,2,0,"",0,0
298,298,"16inch Mk.I三連装砲",1,1,3,3,0,21,0,0,1,0,0,0,0,2,0,3,3,0,15,21,1,"",0,0
299,299,"16inch Mk.I三連装砲+AFCT改",1,1,3,3,0,22,0,0,1,0,0,0,0,4,0,3,4,0,15,22,2,"",0,0
300,300,"16inch Mk.I三連装砲改+FCR type284",1,1,3,3,0,23,0,7,1,0,2,0,0,6,0,3,5,0,16,23,4,"",0,0
301,301,"20連装7inch UP Rocket Launchers",4,29,21,15,0,0,0,7,0,0,2,0,0,0,0,0,3,0,4,2,4,"",0,0
302,302,"九七式艦攻(九三一空/熟練)",3,5,8,8,1,0,8,0,0,9,1,3,0,2,0,0,3,2,3,0,4,"",4,5
303,303,"Bofors 15.2cm連装砲 Model 1930",1,1,2,2,0,5,0,4,0,0,1,0,0,3,0,2,3,0,2,3,1,"",0,0
304,304,"S9 Osprey",5,7,10,10,28,0,0,1,0,2,0,4,0,2,0,0,2,1,1,0,2,"",3,3
305,305,"Ju87C改二(KMX搭載機)",3,5,7,7,14,0,0,0,0,9,1,2,0,2,9,0,4,2,5,0,7,"",4,8
306,306,"Ju87C改二(KMX搭載機/熟練)",3,5,7,7,14,0,0,0,0,10,1,2,0,3,10,3,5,2,5,0,7,"",4,8
307,307,"GFCS Mk.37",5,8,12,11,0,2,0,7,1,0,2,6,0,9,0,2,4,0,0,20,24,"",0,0
308,308,"5inch単装砲 Mk.30改+GFCS Mk.37",1,1,1,16,0,3,0,11,1,0,2,3,0,6,0,2,5,0,2,22,28,"",0,0
309,309,"甲標的 丙型",2,4,22,5,0,0,14,0,0,0,1,0,0,1,0,0,3,2,8,8,3,"",0,0
310,310,"14cm連装砲改",1,1,2,2,0,5,0,0,1,0,0,0,0,3,0,2,2,0,3,2,1,"",0,0
311,311,"二式陸上偵察機",25,7,49,9,31,0,0,3,0,0,0,8,0,2,0,0,2,4,2,0,12,"",8,7
312,312,"二式陸上偵察機(熟練)",25,7,49,9,31,0,0,3,1,0,0,9,0,3,0,0,3,5,2,0,13,"",9,7
313,313,"5inch単装砲 Mk.30改",1,1,1,16,0,3,0,7,1,0,2,0,0,2,0,1,4,0,2,2,3,"",0,0
314,314,"533mm五連装魚雷(初期型)",2,3,5,5,0,1,8,0,1,0,1,0,0,0,0,1,2,1,3,2,2,"",0,0
315,315,"SG レーダー(初期型)",5,8,12,11,0,1,0,3,0,3,6,8,0,8,0,2,3,0,0,15,20,"",0,0
316,316,"Re.2001 CB改",3,5,7,7,14,3,0,4,0,3,2,0,0,1,6,0,4,1,4,0,6,"",3,6
317,317,"三式弾改",4,28,18,12,0,3,0,6,0,0,0,0,0,1,0,0,4,0,10,6,4,"",0,0
318,318,"41cm連装砲改二",1,1,3,3,0,21,0,5,2,0,1,0,0,5,0,3,5,0,18,20,6,"",0,0
319,319,"彗星一二型(六三四空/三号爆弾搭載機)",3,5,7,7,16,0,0,3,0,2,1,0,0,1,12,0,4,2,5,0,4,"",5,5
320,320,"彗星一二型(三一号光電管爆弾搭載機)",3,5,7,7,16,0,0,0,0,0,0,0,0,5,11,0,4,2,6,0,5,"",5,6
322,322,"瑞雲改二(六三四空)",5,43,11,10,32,2,0,4,0,6,1,7,0,2,10,0,6,2,3,0,5,"",5,8
323,323,"瑞雲改二(六三四空/熟練)",5,43,11,10,32,2,0,5,0,7,3,8,0,3,11,0,7,2,3,0,5,"",5,8
324,324,"オ号観測機改",3,15,25,21,53,1,0,0,0,10,0,0,0,1,0,0,4,1,2,0,4,"",1,3
325,325,"オ号観測機改二",3,15,25,21,53,1,0,0,0,11,0,1,0,1,0,0,5,1,3,0,4,"",1,4
326,326,"S-51J",3,44,25,21,53,2,0,0,0,12,0,3,0,2,0,0,6,2,3,0,5,"",2,5
327,327,"S-51J改",3,44,25,21,53,2,0,0,0,13,0,4,0,3,0,0,7,2,3,0,6,"",2,5
328,328,"35.6cm連装砲改",1,1,3,3,0,16,0,4,2,0,2,0,0,3,0,3,3,0,11,16,1,"",0,0
329,329,"35.6cm連装砲改二",1,1,3,3,0,17,0,5,2,0,2,0,0,5,0,3,4,0,11,18,5,"",0,0
330,330,"16inch Mk.I連装砲",1,1,3,3,0,20,0,0,1,0,1,0,0,1,0,3,2,0,12,20,0,"",0,0
331,331,"16inch Mk.V連装砲",1,1,3,3,0,21,0,2,2,0,1,0,0,2,0,3,3,0,13,21,2,"",0,0
332,332,"16inch Mk.VIII連装砲改",1,1,3,3,0,21,0,6,2,0,2,0,0,4,0,3,4,0,15,22,6,"",0,0
333,333,"烈風改",22,39,48,38,34,0,0,10,1,0,2,0,0,6,0,0,4,2,4,0,9,"",4,9
334,334,"烈風改(三五二空/熟練)",22,39,48,38,34,0,0,11,1,0,3,0,0,7,0,0,5,3,4,0,9,"",4,9
335,335,"烈風改(試製艦載型)",3,5,6,6,34,1,0,10,1,0,3,0,0,2,0,0,4,3,4,0,9,"",4,10
336,336,"烈風改二",3,5,6,6,34,1,0,13,0,0,1,0,0,2,0,0,5,3,3,0,10,"",5,10
337,337,"烈風改二(一航戦/熟練)",3,5,6,6,34,2,0,14,0,0,1,0,0,2,0,0,6,3,3,0,10,"",6,10
338,338,"烈風改二戊型",3,5,6,45,34,2,0,11,0,0,2,1,0,0,0,0,6,3,3,0,11,"",5,11
339,339,"烈風改二戊型(一航戦/熟練)",3,5,6,45,34,2,0,12,0,0,3,1,0,0,0,0,7,3,4,0,11,"",6,11
340,340,"152mm/55 三連装速射砲",1,1,2,2,0,8,0,2,1,0,0,0,0,1,0,2,3,0,3,5,1,"",0,0
341,341,"152mm/55 三連装速射砲改",1,1,2,2,0,9,0,3,1,0,1,0,0,2,0,2,4,0,4,5,2,"",0,0
342,342,"流星改(一航戦)",3,5,8,8,33,0,14,2,0,6,0,4,0,1,0,0,5,2,6,0,11,"",6,9
343,343,"流星改(一航戦/熟練)",3,5,8,8,33,0,15,3,0,7,0,6,0,2,0,0,6,2,6,0,11,"",6,9
344,344,"九七式艦攻改 試製三号戊型(空六号電探改装備機)",3,5,8,46,11,0,7,0,0,6,0,4,0,1,0,0,3,2,4,0,5,"",4,6
345,345,"九七式艦攻改(熟練) 試製三号戊型(空六号電探改装備機)",3,5,8,46,11,0,9,0,0,7,0,5,0,2,0,0,4,2,4,0,5,"",4,6
346,346,"二式12cm迫撃砲改",7,32,15,17,0,0,0,0,0,3,1,0,0,0,0,0,3,1,2,1,1,"",0,0
347,347,"二式12cm迫撃砲改 集中配備",7,32,15,17,0,0,0,0,-1,7,1,0,0,0,0,0,4,1,4,2,1,"",0,0
348,348,"艦載型 四式20cm対地噴進砲",15,26,37,31,0,0,0,0,-2,0,0,0,0,0,0,0,4,1,3,1,1,"",0,0
349,349,"四式20cm対地噴進砲 集中配備",15,26,37,31,0,1,0,0,-4,0,0,0,0,0,0,0,5,1,6,1,2,"",0,0
350,350,"Me163B",22,39,48,38,36,0,0,2,0,0,0,0,0,9,0,0,4,4,3,1,6,"",1,4
351,351,"試製 秋水",22,39,48,38,35,0,0,2,0,0,0,0,0,8,0,0,4,4,3,1,6,"",1,4
352,352,"秋水",22,39,48,38,36,0,0,3,0,0,0,0,0,9,0,0,5,4,3,1,7,"",1,4
353,353,"Fw190 A-5改(熟練)",3,5,6,6,37,2,0,11,0,0,3,0,0,1,0,0,5,3,3,0,9,"",4,7
354,354,"Fw190 D-9",22,39,48,38,37,2,0,12,0,0,3,0,0,3,0,0,5,3,4,0,9,"",3,8
355,355,"M4A1 DD",8,45,24,20,0,2,0,0,0,0,-1,0,0,0,0,0,4,2,6,8,2,"",0,0
356,356,"8inch三連装砲 Mk.9",1,1,2,2,0,11,0,1,0,0,-1,0,0,0,0,2,2,0,6,9,0,"",0,0
357,357,"8inch三連装砲 Mk.9 mod.2",1,1,2,2,0,12,0,2,0,0,-1,0,0,1,0,2,3,1,6,1,2,"",0,0
358,358,"5inch 単装高角砲群",1,2,4,16,0,2,0,6,1,0,1,0,0,1,0,1,2,0,2,3,1,"",0,0
359,359,"6inch 連装速射砲 Mk.XXI",1,1,2,2,0,5,0,3,1,0,1,0,0,2,0,2,2,0,2,3,1,"",0,0
360,360,"Bofors 15cm連装速射砲 Mk.9 Model 1938",1,1,2,2,0,6,0,5,0,0,2,0,0,3,0,2,3,0,2,3,1,"",0,0
361,361,"Bofors 15cm連装速射砲 Mk.9改+単装速射砲 Mk.10改 Model 1938",1,1,2,2,0,7,0,6,-1,0,3,0,0,3,0,2,4,0,3,4,2,"",0,0
362,362,"5inch連装両用砲(集中配備)",1,1,2,16,0,5,0,11,0,0,2,0,0,2,0,2,4,0,4,6,4,"",0,0
363,363,"GFCS Mk.37+5inch連装両用砲(集中配備)",1,1,2,16,0,6,0,14,0,0,3,3,0,6,0,2,5,0,4,26,28,"",0,0
364,364,"甲標的 丁型改(蛟龍改)",2,4,22,5,0,0,17,0,0,0,0,2,0,2,0,0,4,4,9,12,4,"",0,0
365,365,"一式徹甲弾改",4,25,19,13,0,11,0,0,0,0,0,0,0,2,0,0,4,0,6,10,1,"",0,0
366,366,"12.7cm連装砲D型改三",1,1,1,1,0,3,0,4,1,2,2,0,0,2,0,1,4,0,2,3,1,"",0,0
367,367,"Swordfish(水上機型)",5,43,11,10,28,2,5,0,0,4,0,2,0,1,5,0,3,1,2,0,3,"",3,5
368,368,"Swordfish Mk.III改(水上機型)",5,43,11,10,28,4,6,0,0,7,0,3,0,2,7,0,4,1,3,0,3,"",3,6
369,369,"Swordfish Mk.III改(水上機型/熟練)",5,43,11,10,28,4,7,0,0,8,0,4,0,3,8,0,5,1,3,0,3,"",3,5
370,370,"Swordfish Mk.II改(水偵型)",5,7,10,10,28,1,0,0,0,6,0,5,0,2,0,0,4,1,2,0,4,"",3,5
371,371,"Fairey Seafox改",5,7,10,10,28,2,0,1,0,3,1,6,0,2,0,0,4,1,2,0,4,"",3,6
372,372,"天山一二型甲",3,5,8,8,1,0,9,1,0,4,0,2,0,0,0,0,3,2,5,0,5,"",5,7
373,373,"天山一二型甲改(空六号電探改装備機)",3,5,8,46,1,0,11,1,0,6,0,5,0,1,0,0,4,2,5,0,6,"",5,8
374,374,"天山一二型甲改(熟練/空六号電探改装備機)",3,5,8,46,1,0,13,1,0,7,0,6,0,2,0,0,5,3,6,0,6,"",6,8
375,375,"XF5U",3,5,6,6,38,0,0,12,0,0,2,1,0,0,0,0,6,3,4,1,14,"",4,12
376,376,"533mm五連装魚雷(後期型)",2,3,5,5,0,1,11,0,1,0,1,0,0,0,0,1,3,2,4,2,3,"",0,0
377,377,"RUR-4A Weapon Alpha改",7,32,15,17,0,0,0,0,1,17,1,0,0,1,0,0,5,1,10,4,4,"",0,0
378,378,"対潜短魚雷(試作初期型)",7,32,15,17,0,0,2,0,0,20,0,0,0,0,0,0,6,2,11,2,5,"",0,0
379,379,"12.7cm単装高角砲改二",1,1,1,16,0,1,0,5,0,2,3,0,0,1,0,1,3,0,1,2,1,"",0,0
380,380,"12.7cm連装高角砲改二",1,1,1,16,0,2,0,6,0,2,2,0,0,1,0,1,3,0,2,2,1,"",0,0
381,381,"16inch三連装砲 Mk.6",1,1,3,3,0,22,0,2,1,0,0,0,0,2,0,3,3,0,13,22,2,"",0,0
382,382,"12cm単装高角砲E型",1,1,1,16,0,1,0,3,0,1,2,0,0,0,0,1,2,0,1,1,1,"",0,0
383,383,"後期型53cm艦首魚雷(8門)",2,3,32,5,0,0,19,0,0,0,1,0,0,3,0,1,4,3,4,3,1,"",0,0
384,384,"後期型潜水艦搭載電探&逆探",24,42,51,42,0,2,4,0,1,0,13,7,0,4,0,0,5,0,0,14,19,"",0,0
385,385,"16inch三連装砲 Mk.6 mod.2",1,1,3,3,0,23,0,2,2,0,0,0,0,3,0,3,4,0,14,22,3,"",0,0
386,386,"6inch三連装速射砲 Mk.16",1,1,2,2,0,7,0,2,1,0,0,0,0,2,0,2,3,0,2,5,1,"",0,0
387,387,"6inch三連装速射砲 Mk.16 mod.2",1,1,2,2,0,8,0,3,1,0,1,0,0,4,0,2,4,0,3,6,2,"",0,0
388,388,"銀河(江草隊)",21,38,47,37,4,0,15,3,0,4,0,4,0,3,15,0,5,9,7,0,17,"",8,13
389,389,"TBM-3W+3S",3,5,8,46,39,3,10,0,0,13,0,10,0,3,7,0,6,4,6,0,16,"",5,12
390,390,"16inch三連装砲 Mk.6+GFCS",1,1,3,3,0,23,0,3,2,0,1,0,0,6,0,3,5,0,16,22,16,"",0,0
391,391,"九九式艦爆二二型",3,5,7,7,40,0,0,0,0,3,0,2,0,1,6,0,2,1,1,0,2,"",3,4
392,392,"九九式艦爆二二型(熟練)",3,5,7,7,40,0,0,1,0,4,0,3,0,3,8,0,3,1,1,0,2,"",3,4
393,393,"120mm/50 連装砲 mod.1936",1,1,1,1,0,3,0,3,0,0,0,0,0,2,0,1,3,0,1,2,0,"",0,0
394,394,"120mm/50 連装砲改 A.mod.1937",1,1,1,1,0,3,0,4,0,0,0,0,0,3,0,1,4,0,1,2,0,"",0,0
395,395,"深山",26,46,53,49,41,0,16,1,0,0,0,0,0,0,17,0,3,12,18,0,23,"",10,20
396,396,"深山改",26,46,53,49,41,0,17,2,0,0,0,0,0,0,19,0,4,13,18,0,24,"",11,21
397,397,"現地改装12.7cm連装高角砲",1,1,1,16,0,3,0,6,1,0,0,0,0,2,0,1,4,0,2,3,0,"",0,0
398,398,"現地改装10cm連装高角砲",1,1,1,16,0,2,0,8,0,0,2,0,0,1,0,1,4,0,2,3,0,"",0,0
399,399,"6inch Mk.XXIII三連装砲",1,1,2,2,0,7,0,2,1,0,1,0,0,1,0,2,2,0,2,4,1,"",0,0
400,400,"533mm 三連装魚雷(53-39型)",2,3,5,5,0,1,6,0,0,0,2,0,0,1,0,1,3,2,1,1,1,"",0,0
401,401,"Do 17 Z-2",21,38,47,37,42,0,0,2,0,5,0,2,0,0,11,0,2,6,5,0,13,"",4,13
402,402,"寒冷地装備&甲板要員",13,23,35,29,0,0,0,0,0,0,0,0,0,0,0,0,3,1,0,1,1,"",0,0
403,403,"四式重爆 飛龍",21,38,47,37,4,0,14,5,0,4,0,4,0,1,15,0,4,8,8,0,18,"",5,14
404,404,"四式重爆 飛龍(熟練)",21,38,47,37,4,0,14,5,0,5,0,5,0,2,16,0,5,9,9,0,18,"",5,14
405,405,"Do 217 E-5+Hs293初期型",21,38,47,37,42,0,13,4,0,0,0,3,0,2,22,0,4,6,24,0,19,"",4,15
406,406,"Do 217 K-2+Fritz-X",21,38,47,37,42,0,16,4,0,0,0,3,0,2,24,0,5,6,28,7,20,"",4,17
407,407,"15.2cm連装砲改二",1,1,2,2,0,6,0,4,1,0,0,0,0,4,0,2,4,0,3,4,2,"",0,0
408,408,"装甲艇(AB艇)",8,47,24,20,0,1,0,0,1,0,0,1,0,0,0,0,2,2,3,3,1,"",0,0
409,409,"武装大発",8,47,24,20,0,1,0,1,0,0,0,0,0,1,0,0,2,1,2,2,2,"",0,0
410,410,"21号対空電探改二",5,8,13,11,0,0,0,7,0,0,4,7,0,4,0,0,4,0,0,21,22,"",0,0
411,411,"42号対空電探改二",5,8,13,11,0,0,0,7,0,0,-1,6,0,8,0,0,4,0,0,25,26,"",0,0
412,412,"水雷戦隊 熟練見張員",16,27,39,32,0,0,3,1,0,0,3,2,0,2,0,2,4,1,0,0,0,"",0,0
413,413,"精鋭水雷戦隊 司令部",12,22,34,28,0,0,3,0,0,0,0,1,0,2,0,0,5,2,1,1,1,"",0,0
414,414,"SOC Seagull",5,7,10,10,43,0,0,0,0,1,1,4,0,2,1,0,3,1,1,0,2,"",3,3
415,415,"SO3C Seamew改",5,7,10,10,43,0,0,1,0,2,0,7,0,3,0,0,4,2,1,0,3,"",4,5
416,416,"零式艦戦21型(台南空)",22,39,48,38,11,0,0,11,0,0,3,1,0,1,0,0,5,1,2,0,2,"",7,4
417,417,"零式艦戦32型(台南空)",22,39,48,38,12,0,0,12,0,0,4,1,0,1,0,0,5,1,2,0,2,"",5,4
418,418,"零式艦戦22型(251空)",22,39,48,38,12,0,0,12,0,0,3,1,0,1,0,0,5,1,2,0,3,"",7,4
419,419,"SBD-5",3,5,7,7,21,1,0,2,0,4,3,3,0,2,7,0,3,1,3,0,3,"",4,5
420,420,"SB2C-3",3,5,7,7,21,1,0,2,0,5,1,3,0,1,11,0,4,2,5,0,5,"",5,6
421,421,"SB2C-5",3,5,7,7,21,2,0,2,0,6,2,4,0,2,12,0,5,3,5,0,7,"",6,7
422,422,"FR-1 Fireball",3,5,6,6,21,2,0,11,0,0,3,0,0,1,0,0,5,3,4,2,9,"",5,9
423,423,"Fulmar(戦闘偵察/熟練)",5,7,9,9,14,2,0,4,0,3,3,4,0,3,0,0,3,2,2,0,2,"",4,4
424,424,"Barracuda Mk.II",3,5,8,8,44,0,7,0,0,5,0,2,0,1,0,0,2,3,5,0,9,"",4,7
425,425,"Barracuda Mk.III",3,5,8,8,44,0,6,0,0,9,0,3,0,1,0,0,3,3,5,0,10,"",5,8
426,426,"305mm/46 連装砲",1,1,3,3,0,13,0,0,1,0,2,0,0,1,0,3,2,0,6,10,0,"",0,0
427,427,"305mm/46 三連装砲",1,1,3,3,0,14,0,0,1,0,1,0,0,2,0,3,3,0,9,11,0,"",0,0
428,428,"320mm/44 連装砲",1,1,3,3,0,15,0,0,1,0,2,0,0,1,0,3,3,0,10,10,1,"",0,0
429,429,"320mm/44 三連装砲",1,1,3,3,0,16,0,0,1,0,1,0,0,2,0,3,4,0,12,11,1,"",0,0
430,430,"65mm/64 単装速射砲改",1,2,4,16,0,1,0,9,0,0,1,0,0,0,0,1,4,0,2,2,2,"",0,0
431,431,"SM.79",21,38,47,37,45,0,9,2,0,3,0,2,0,0,13,0,2,6,6,1,14,"",7,11
432,432,"SM.79 bis",21,38,47,37,45,0,12,3,0,4,0,3,0,0,14,0,3,7,7,1,15,"",8,13
433,433,"SM.79 bis(熟練)",21,38,47,37,45,0,13,3,0,4,0,3,0,2,14,0,4,7,8,1,15,"",8,14
434,434,"Corsair Mk.II",3,5,6,6,46,1,0,10,0,0,1,1,0,0,0,0,4,2,5,0,7,"",6,9
435,435,"Corsair Mk.II(Ace)",3,5,6,6,46,2,0,11,0,0,2,2,0,2,0,0,5,3,5,0,7,"",6,9
436,436,"大発動艇(II号戦車/北アフリカ仕様)",8,14,24,20,0,1,0,0,0,0,0,0,0,1,0,0,3,2,3,4,2,"",0,0
437,437,"試製 陣風",3,5,6,6,34,0,0,13,0,0,1,0,0,1,0,0,5,2,4,0,11,"",5,9
438,438,"三式水中探信儀改",7,10,14,18,0,0,0,0,1,11,1,0,0,2,0,0,4,0,0,2,4,"",0,0
439,439,"Hedgehog(初期型)",7,32,15,17,0,0,0,0,-1,18,0,0,0,3,0,0,4,1,13,1,2,"",0,0
440,440,"21inch艦首魚雷発射管6門(初期型)",2,3,32,5,0,0,10,0,0,0,2,0,0,0,0,1,2,3,3,2,2,"",0,0
441,441,"21inch艦首魚雷発射管6門(後期型)",2,3,32,5,0,0,14,0,0,0,3,0,0,3,0,1,4,3,4,2,2,"",0,0
442,442,"潜水艦後部魚雷発射管4門(初期型)",2,3,32,5,0,0,6,0,0,0,1,0,0,1,0,1,2,2,2,3,2,"",0,0
443,443,"潜水艦後部魚雷発射管4門(後期型)",2,3,32,5,0,0,9,0,0,0,2,0,0,2,0,1,4,2,3,3,2,"",0,0
444,444,"四式重爆 飛龍+イ号一型甲 誘導弾",21,38,47,37,4,0,15,5,0,3,0,4,0,1,20,0,5,10,20,0,19,"",5,15
445,445,"二式複戦 屠龍",22,39,48,44,47,0,0,3,1,0,1,0,0,4,0,0,2,2,4,0,12,"",3,8
446,446,"二式複戦 屠龍 丙型",22,39,48,44,47,0,0,3,2,0,2,0,0,6,0,0,3,2,5,0,12,"",3,9
447,447,"零式艦戦64型(複座KMX搭載機)",3,5,7,7,12,0,0,4,0,8,0,3,0,0,3,0,4,2,3,0,4,"",4,5
449,449,"特大発動艇+一式砲戦車",8,14,24,20,0,2,0,0,0,0,0,0,0,0,0,0,5,2,4,2,2,"",0,0
450,450,"13号対空電探改(後期型)",5,8,12,11,0,0,0,6,0,0,3,5,0,2,0,0,4,0,0,10,12,"",0,0
451,451,"三式指揮連絡機改",3,16,26,22,54,1,0,0,0,9,0,2,0,2,0,0,3,2,2,0,3,"",2,4
452,452,"キ96",22,39,48,44,47,0,0,5,2,0,4,0,0,5,0,0,4,3,5,0,14,"",3,10
453,453,"キ102乙",22,38,47,48,47,4,11,4,0,4,0,0,0,4,19,0,4,4,7,0,15,"",4,9
454,454,"キ102乙改+イ号一型乙 誘導弾",22,38,47,48,47,4,14,3,0,4,0,0,0,3,20,0,5,6,12,0,16,"",3,12
455,455,"試製 長12.7cm連装砲A型改四",1,1,1,1,0,4,0,3,1,0,0,0,0,2,0,1,4,0,2,3,2,"",0,0
456,456,"SG レーダー(後期型)",5,8,12,11,0,2,0,3,0,4,6,9,0,10,0,2,5,0,0,15,22,"",0,0
457,457,"後期型艦首魚雷(4門)",2,3,32,5,0,0,12,0,1,0,3,0,0,3,0,1,4,2,2,2,2,"",0,0
458,458,"後期型電探&逆探+シュノーケル装備",24,42,51,42,0,0,4,0,2,0,15,6,0,4,0,0,5,1,0,15,20,"",0,0
459,459,"B-25",21,38,47,37,48,3,8,4,0,0,0,4,0,0,16,0,3,9,12,2,17,"",7,13
460,460,"15m二重測距儀改+21号電探改二+熟練射撃指揮所",5,8,13,11,0,4,0,8,1,0,2,8,0,10,0,0,4,0,0,27,29,"",0,0
461,461,"熟練聴音員+後期型艦首魚雷(4門)",2,3,32,5,0,0,13,0,1,0,5,0,0,5,0,1,5,2,2,2,2,"",0,0
463,463,"15.5cm三連装副砲改二",1,2,4,4,0,9,0,5,1,0,1,0,0,5,0,2,4,0,6,10,2,"",0,0
464,464,"10cm連装高角砲群 集中配備",1,2,4,16,0,3,0,12,2,0,2,0,0,2,0,1,5,0,6,8,3,"",0,0
465,465,"試製51cm三連装砲",1,1,3,3,0,36,0,5,2,0,-10,0,0,-2,0,4,6,0,30,30,0,"",0,0
466,466,"流星改(熟練)",3,5,8,8,33,0,13,3,0,6,0,5,0,1,0,0,5,2,6,0,11,"",6,9
467,467,"5inch連装砲(副砲配置) 集中配備",1,2,4,16,0,5,0,11,1,0,3,0,0,4,0,1,4,0,5,7,5,"",0,0
468,468,"38cm四連装砲改 deux",1,1,3,3,0,24,0,5,1,0,0,0,0,4,0,2,6,0,22,25,8,"",0,0
469,469,"零式水上偵察機11型乙改(夜偵)",5,7,10,50,2,1,0,1,0,6,0,5,0,2,0,0,4,1,2,0,4,"",7,5
470,470,"12.7cm連装砲C型改三",1,1,1,1,0,3,0,2,1,3,1,0,0,1,0,1,3,0,2,2,1,"",0,0
471,471,"Loire 130M",5,7,10,50,49,0,0,0,0,3,0,3,0,2,0,0,3,2,1,0,5,"",3,9
472,472,"Mk.32 対潜魚雷(Mk.2落射機)",7,32,15,17,0,0,1,0,0,19,0,0,0,1,0,0,5,2,8,2,4,"",0,0
473,473,"F4U-2 Night Corsair",3,5,6,45,50,1,0,9,0,5,2,2,0,1,0,0,5,2,4,0,7,"",6,9
474,474,"F4U-4",3,5,7,7,50,2,0,10,0,3,1,2,0,0,6,0,5,2,6,0,9,"",6,9
475,475,"AU-1",3,5,7,7,50,3,6,9,0,5,1,2,0,0,12,0,6,3,9,0,10,"",6,10
476,476,"F4U-7",3,5,7,7,50,3,8,10,0,4,2,2,0,0,11,0,7,3,9,0,11,"",6,11
477,477,"熟練甲板要員",13,23,35,29,0,2,0,1,1,0,1,1,0,1,0,0,3,1,2,0,2,"",0,0
478,478,"熟練甲板要員+航空整備員",13,23,35,29,0,7,1,1,1,1,1,1,0,1,1,4,4,2,8,0,8,"",0,0
479,479,"Mosquito FB Mk.VI",21,38,47,37,51,0,5,5,0,4,0,5,0,1,18,0,4,9,11,0,4,"",7,14
480,480,"Mosquito PR Mk.IV",25,7,49,9,51,0,0,0,2,0,0,9,0,2,0,0,3,10,0,0,5,"",9,13
481,481,"Mosquito TR Mk.33",3,5,8,8,51,0,8,5,0,6,0,6,0,1,0,0,4,9,12,0,5,"",7,14
482,482,"特大発動艇+Ⅲ号戦車(北アフリカ仕様)",8,14,24,20,0,1,0,1,0,0,0,0,0,0,0,0,5,2,4,5,2,"",0,0
483,483,"三式弾改二",4,28,18,12,0,5,0,7,0,0,1,0,0,1,0,0,5,0,11,6,5,"",0,0
484,484,"四式重爆 飛龍(熟練)+イ号一型甲 誘導弾",21,38,47,37,4,0,17,5,0,4,0,5,0,3,21,0,6,11,20,0,19,"",5,15
485,485,"強風改二",5,36,45,43,26,0,0,6,0,0,4,2,0,1,0,0,4,2,1,0,7,"",3,6
486,486,"零式艦戦64型(制空戦闘機仕様)",3,5,6,6,12,1,0,9,0,0,3,1,0,1,0,0,3,2,3,0,5,"",5,6
487,487,"零式艦戦64型(熟練爆戦)",3,5,7,7,12,1,0,7,0,3,0,2,0,2,6,0,4,2,4,0,5,"",5,6
488,488,"二式爆雷改二",7,32,15,17,0,0,0,0,1,8,1,0,0,1,0,0,3,1,4,0,1,"",0,0
489,489,"一式戦 隼II型改(20戦隊)",3,16,26,22,52,2,0,6,0,8,3,0,0,0,4,0,4,2,2,0,4,"",4,4
490,490,"試製 夜間瑞雲(攻撃装備)",5,43,11,51,32,3,0,4,0,6,0,7,0,2,10,0,6,2,4,0,6,"",4,8
491,491,"一式戦 隼III型改(熟練/20戦隊)",3,16,26,22,52,2,0,7,0,8,3,0,0,1,5,0,5,2,3,0,5,"",4,4
492,492,"零戦52型丙(八幡部隊)",3,5,6,6,12,1,0,10,0,0,1,0,0,1,0,0,3,1,2,0,3,"",6,5
493,493,"一式陸攻(八幡部隊)",21,38,47,37,4,0,11,3,0,2,0,4,0,1,12,0,3,8,5,0,14,"",9,5
494,494,"特大発動艇+チハ",8,14,24,20,0,0,0,0,0,0,0,0,0,0,0,0,3,2,3,2,1,"",0,0
495,495,"特大発動艇+チハ改",8,14,24,20,0,1,0,0,0,0,0,0,0,0,0,0,4,2,4,2,1,"",0,0
496,496,"陸軍歩兵部隊",27,48,52,52,0,0,0,0,0,0,0,0,0,0,0,0,2,1,1,1,1,"",0,0
497,497,"九七式中戦車(チハ)",27,48,52,52,0,0,0,0,0,0,0,0,0,0,0,0,2,1,3,2,1,"",0,0
498,498,"九七式中戦車 新砲塔(チハ改)",27,48,52,52,0,0,0,0,0,0,0,0,0,0,0,0,3,1,4,2,1,"",0,0
499,499,"陸軍歩兵部隊+チハ改",27,48,52,52,0,0,0,0,0,0,0,0,0,0,0,0,4,1,5,2,1,"",0,0
500,500,"発煙装置(煙幕)",28,49,54,54,0,0,0,0,0,0,1,0,0,0,0,0,1,1,0,0,1,"",0,0
501,501,"発煙装置改(煙幕)",28,49,54,54,0,0,0,0,0,0,3,0,0,0,0,0,2,2,0,0,2,"",0,0
502,502,"35.6cm連装砲改三(ダズル迷彩仕様)",1,1,3,3,0,20,0,6,2,0,3,0,0,4,0,3,5,0,20,24,12,"",0,0
503,503,"35.6cm連装砲改四",1,1,3,3,0,22,0,5,2,0,1,0,0,4,0,3,5,0,22,24,12,"",0,0
504,504,"銀河(熟練)",21,38,47,37,4,0,14,3,0,3,0,3,0,2,15,0,5,9,7,0,17,"",7,13
505,505,"25mm対空機銃増備",4,6,21,15,0,0,0,7,0,0,2,0,0,0,0,0,3,0,3,2,1,"",0,0
506,506,"電探装備マスト(13号改+22号電探改四)",5,8,12,11,0,0,0,4,0,2,2,5,0,6,0,0,4,0,0,18,25,"",0,0
507,507,"14inch/45 連装砲",1,1,3,3,0,16,0,0,1,0,1,0,0,0,0,3,1,0,10,16,0,"",0,0
508,508,"14inch/45 三連装砲",1,1,3,3,0,19,0,0,1,0,0,0,0,0,0,3,2,0,11,19,0,"",0,0
509,509,"12cm単装高角砲E型改",1,1,1,16,0,1,0,4,1,2,3,0,0,1,0,1,3,0,3,2,1,"",0,0
510,510,"Walrus",5,7,10,50,49,0,0,0,0,4,0,4,0,1,0,0,3,2,2,0,4,"",3,10
511,511,"21inch艦首魚雷発射管4門(初期型)",2,3,32,5,0,0,8,0,0,0,4,0,0,0,0,1,2,2,2,2,2,"",0,0
512,512,"21inch艦首魚雷発射管4門(後期型)",2,3,32,5,0,0,12,0,0,0,5,0,0,3,0,1,3,2,3,2,2,"",0,0
513,513,"阻塞気球",29,50,54,55,0,0,0,0,0,0,1,0,0,0,0,0,2,1,0,0,1,"",0,0
514,514,"特大発動艇+Ⅲ号戦車J型",8,14,24,20,0,2,0,1,0,0,0,0,0,1,0,0,5,2,5,5,2,"",0,0
515,515,"Sea Otter",5,7,10,50,49,0,0,0,0,6,0,5,0,2,0,0,4,3,3,0,5,"",4,11
516,516,"Me 262 A-1a/R1",22,39,48,56,55,0,0,15,0,0,1,0,0,6,3,0,6,7,4,11,15,"",3,13
517,517,"逆探(E27)+22号対水上電探改四(後期調整型)",5,8,12,11,0,2,0,0,0,4,5,8,0,9,0,0,5,0,0,17,20,"",0,0
518,518,"14cm連装砲改二",1,1,2,2,0,5,0,0,2,3,0,0,0,4,0,2,3,0,3,3,1,"",0,0
519,519,"SJレーダー+潜水艦司令塔装備",24,42,51,42,0,0,5,0,0,0,6,7,0,5,0,0,4,0,0,14,20,"",0,0
520,520,"試製20.3cm(4号)連装砲",1,1,2,2,0,11,0,4,1,0,0,0,0,2,0,2,4,0,4,6,10,"",0,0
521,521,"紫雲(熟練)",5,7,10,10,2,0,0,0,0,4,2,9,0,2,1,0,5,2,1,0,17,"",5,10
522,522,"零式小型水上機",5,7,10,10,2,0,0,0,0,1,1,3,0,0,1,0,1,1,1,0,1,"",3,4
523,523,"零式小型水上機(熟練)",5,7,10,10,2,0,0,0,0,2,2,4,0,1,1,0,3,2,1,0,1,"",3,4
524,524,"12cm単装高角砲+25mm機銃増備",1,2,4,16,0,1,0,5,0,1,2,0,0,0,0,1,2,0,1,2,2,"",0,0
525,525,"特四式内火艇",20,37,46,36,0,0,1,1,0,0,0,0,0,0,0,0,4,2,2,4,6,"",0,0
526,526,"特四式内火艇改",20,37,46,36,0,0,3,2,0,0,0,0,0,1,0,0,5,3,4,4,7,"",0,0
527,527,"Type281 レーダー",5,8,13,11,0,0,0,7,0,0,2,8,0,1,0,0,3,0,0,20,26,"",0,0
528,528,"Type274 射撃管制レーダー",5,8,13,11,0,2,0,3,1,0,2,5,0,8,0,2,4,0,0,22,24,"",0,0
529,529,"12.7cm連装砲C型改三H",1,1,1,1,0,3,0,5,1,3,1,0,0,1,0,1,4,0,2,3,2,"",0,0
530,530,"35.6cm連装砲改三丙",1,1,3,3,0,21,0,3,4,0,0,0,0,3,0,3,5,0,21,26,6,"",0,0
531,531,"艦隊通信アンテナ",12,22,34,28,0,0,0,0,0,0,0,1,0,1,0,0,3,0,0,13,15,"",0,0
532,532,"通信装置&要員",12,22,34,28,0,0,0,0,0,0,0,1,0,0,0,0,2,1,0,2,5,"",0,0
533,533,"10cm連装高角砲改+高射装置改",1,1,1,16,0,3,0,11,4,0,2,0,0,2,0,1,4,0,2,4,3,"",0,0
1501,0,"5inch単装砲",1,1,1,1,0,1,0,0,0,0,0,0,0,0,0,1,0,0,0,0,0,"",0,0
1502,0,"5inch連装砲",1,1,1,1,0,2,0,0,0,0,0,0,0,0,0,1,0,0,0,0,0,"",0,0
1503,0,"3inch単装高角砲",1,1,1,16,0,1,0,1,0,0,0,0,0,0,0,1,2,0,0,0,0,"",0,0
1504,0,"5inch単装高射砲",1,1,2,2,0,2,0,2,0,0,0,0,0,0,0,2,0,0,0,0,0,"",0,0
1505,0,"8inch三連装砲",1,1,2,2,0,8,0,2,0,0,0,0,0,0,0,2,0,0,0,0,0,"",0,0
1506,0,"6inch連装速射砲",1,1,2,2,0,3,0,3,0,0,0,0,0,0,0,2,0,0,0,0,0,"",0,0
1507,0,"14inch連装砲",1,1,3,3,0,10,0,4,0,0,0,0,0,0,0,3,0,0,0,0,0,"",0,0
1508,0,"16inch連装砲",1,1,3,3,0,15,0,4,0,0,0,0,0,0,0,3,1,0,0,0,0,"",0,0
1509,0,"16inch三連装砲",1,1,3,3,0,20,0,5,0,0,0,0,0,0,0,3,2,0,0,0,0,"",0,0
1510,0,"5inch単装高射砲",1,2,4,16,0,1,0,2,0,0,0,0,0,0,0,1,0,0,0,0,0,"",0,0
1511,0,"6inch単装砲",1,2,4,4,0,1,0,0,0,0,0,0,0,0,0,2,0,0,0,0,0,"",0,0
1512,0,"12.5inch連装副砲",1,2,4,4,0,7,0,3,0,0,0,0,0,0,0,2,1,0,0,0,0,"",0,0
1513,0,"21inch魚雷前期型",2,3,5,5,0,0,2,0,0,0,0,0,0,0,0,1,0,0,0,0,0,"",0,0
1514,0,"21inch魚雷後期型",2,3,5,5,0,0,5,0,0,0,0,0,0,0,0,1,0,0,0,0,0,"",0,0
1515,0,"高速深海魚雷",2,3,5,5,0,0,10,0,0,0,0,0,0,0,0,1,1,0,0,0,0,"",0,0
1516,0,"深海棲艦攻",3,5,8,8,0,0,4,0,0,2,0,5,0,0,0,0,0,0,0,0,0,"",0,0
1517,0,"深海棲艦攻 Mark.II",3,5,8,8,0,0,6,0,0,4,0,5,0,0,0,0,1,0,0,0,0,"",0,0
1518,0,"深海棲艦攻 Mark.III",3,5,8,8,0,0,11,4,0,7,0,5,0,0,0,0,2,0,0,0,0,"",0,0
1519,0,"深海棲艦戦",3,5,6,6,0,0,0,2,0,0,0,0,0,0,0,0,0,0,0,0,0,"",0,0
1520,0,"深海棲艦戦 Mark.II",3,5,6,6,0,0,0,5,0,0,0,0,0,0,0,0,0,0,0,0,0,"",0,0
1521,0,"深海棲艦戦 Mark.III",3,5,6,6,0,0,0,9,0,0,0,0,0,0,0,0,1,0,0,0,0,"",0,0
1522,0,"飛び魚艦戦",3,5,6,6,0,0,0,13,0,0,0,0,0,0,0,0,3,0,0,0,0,"",0,0
1523,0,"深海棲艦爆",3,5,7,7,0,0,0,0,0,1,0,0,0,0,3,0,0,0,0,0,0,"",0,0
1524,0,"深海棲艦爆 Mark.II",3,5,7,7,0,0,0,0,0,2,0,0,0,0,6,0,1,0,0,0,0,"",0,0
1525,0,"深海棲艦偵察機",5,7,10,10,0,0,0,1,0,1,0,5,0,0,1,0,0,0,0,0,0,"",0,0
1526,0,"飛び魚偵察機",5,7,10,10,0,0,0,2,0,2,0,10,0,0,4,0,1,0,0,0,0,"",0,0
1527,0,"対空レーダ― Mark.I",5,8,12,11,0,0,0,5,0,0,0,5,0,5,0,0,1,0,0,0,0,"",0,0
1528,0,"水上レーダ― Mark.I",5,8,12,11,0,0,0,0,0,0,0,5,0,10,0,0,1,0,0,0,0,"",0,0
1529,0,"水上レーダ― Mark.II",5,8,12,11,0,0,0,0,0,0,0,10,0,15,0,0,2,0,0,0,0,"",0,0
1530,0,"対空レーダ― Mark.II",5,8,13,11,0,0,0,10,0,0,0,10,0,5,0,0,2,0,0,0,0,"",0,0
1531,0,"深海水上レーダー",5,8,13,11,0,0,0,5,0,5,3,16,0,24,0,0,3,0,0,0,0,"",0,0
1532,0,"深海対空レーダ―",5,8,13,11,0,0,0,18,0,5,2,12,0,16,0,0,4,0,0,0,0,"",0,0
1533,0,"改良型深海タービン",6,9,17,19,0,0,0,0,0,0,10,0,0,0,0,0,0,0,0,0,0,"",0,0
1534,0,"強化型深海缶",6,9,17,19,0,0,0,0,0,0,15,0,0,0,0,0,1,0,0,0,0,"",0,0
1535,0,"対空散弾",4,6,18,12,0,0,0,10,0,0,0,0,0,0,0,0,0,0,0,0,0,"",0,0
1536,0,"劣化徹甲弾",4,25,19,13,0,15,0,0,0,0,0,0,0,5,0,0,1,0,0,0,0,"",0,0
1537,0,"12.7mm機銃",4,6,21,15,0,0,0,2,0,0,0,0,0,0,0,0,0,0,0,0,0,"",0,0
1538,0,"20mm機銃",4,6,21,15,0,0,0,4,0,0,0,0,0,0,0,0,0,0,0,0,0,"",0,0
1539,0,"40mm二連装機関砲",4,6,21,15,0,0,0,8,0,0,0,0,0,0,0,0,1,0,0,0,0,"",0,0
1540,0,"40mm四連装機関砲",4,6,21,15,0,0,0,12,0,0,0,0,0,0,0,0,2,0,0,0,0,"",0,0
1541,0,"深海烏賊魚雷",2,3,22,5,0,0,18,0,0,0,0,0,0,5,0,1,4,0,0,0,0,"",0,0
1542,0,"深海爆雷投射機",7,9,15,17,0,0,0,0,0,7,0,0,0,0,0,0,2,0,0,0,0,"",0,0
1543,0,"深海ソナー",7,10,14,18,0,0,0,0,0,9,0,0,0,0,0,0,2,0,0,0,0,"",0,0
1544,0,"深海爆雷投射機 Mk.II",7,9,15,17,0,0,0,0,0,13,0,0,0,0,0,0,3,0,0,0,0,"",0,0
1545,0,"深海ソナー Mk.II",7,10,14,18,0,0,0,0,0,16,0,0,0,0,0,0,3,0,0,0,0,"",0,0
1546,0,"飛び魚艦爆",3,5,7,7,0,0,0,8,0,7,0,0,0,0,10,0,3,0,0,0,0,"",0,0
1547,0,"深海猫艦戦",3,5,6,6,0,0,0,10,0,0,0,0,0,1,0,0,3,0,0,0,0,"",0,0
1548,0,"深海地獄艦爆",3,5,7,7,0,0,0,0,0,4,0,3,0,3,11,0,3,0,0,0,0,"",0,0
1549,0,"深海復讐艦攻",3,5,8,8,0,0,13,4,0,5,0,5,0,2,0,0,3,0,0,0,0,"",0,0
1550,0,"5inch連装両用莢砲",1,1,1,16,0,2,0,9,0,0,0,0,0,3,0,2,3,0,0,0,0,"",0,0
1551,0,"20inch連装砲",1,1,3,3,0,27,0,4,0,0,0,0,0,3,0,3,4,0,0,0,0,"",0,0
1552,0,"15inch要塞砲",1,1,3,3,0,13,0,0,3,0,0,0,0,4,0,3,2,0,0,0,0,"",0,0
1553,0,"4inch連装両用砲+CIC",1,1,1,16,0,5,0,15,0,0,0,0,0,5,0,2,4,0,0,0,0,"",0,0
1554,0,"深海水上攻撃機",5,7,11,10,0,0,0,4,0,8,0,6,0,1,8,0,2,0,0,0,0,"",0,0
1555,0,"深海水上攻撃機改",5,7,11,10,0,0,0,9,0,10,0,7,0,3,13,0,4,0,0,0,0,"",0,0
1556,0,"深海猫艦戦改",3,5,6,6,0,0,0,12,0,0,2,0,0,2,0,0,4,0,0,0,0,"",0,0
1557,0,"深海地獄艦爆改",3,5,7,7,0,0,0,0,0,8,0,5,0,4,15,0,4,0,0,0,0,"",0,0
1558,0,"深海復讐艦攻改",3,5,8,8,0,0,16,5,0,9,0,6,0,3,0,0,4,0,0,0,0,"",0,0
1559,0,"深海FCS+CIC",7,10,14,18,0,0,0,6,0,20,3,3,0,5,0,0,3,0,0,0,0,"",0,0
1560,0,"深海探照灯",8,18,29,24,0,2,0,0,0,0,0,2,0,0,0,0,1,0,0,0,0,"",0,0
1561,0,"深海解放陸爆",3,5,7,7,0,0,0,3,0,5,0,3,0,1,11,0,2,0,0,0,0,"",0,0
1562,0,"深海解放陸爆Ace",3,5,7,7,0,0,0,5,0,7,0,4,0,2,16,0,3,0,0,0,0,"",0,0
1563,0,"8inch長射程連装砲",1,1,2,2,0,8,0,1,0,0,0,0,0,-1,0,3,4,0,0,0,0,"",0,0
1564,0,"深海水上偵察観測機",5,7,10,10,0,0,0,2,0,2,0,5,0,5,0,0,3,0,0,0,0,"",0,0
1565,0,"5inch沿岸設置砲",1,1,1,1,0,3,0,0,2,0,0,0,0,3,0,2,2,0,0,0,0,"",0,0
1566,0,"深海猫艦戦(爆装)",3,5,7,7,0,0,0,7,0,2,0,0,0,2,8,0,3,0,0,0,0,"",0,0
1567,0,"沿岸設置レーダー",5,8,13,11,0,0,0,4,0,0,0,8,0,16,0,0,3,0,0,0,0,"",0,0
1568,0,"16inch三連装砲",1,1,3,3,0,24,0,3,1,0,0,0,0,4,0,3,5,0,0,0,0,"",0,0
1569,0,"深海偵察飛行艇",5,7,10,10,0,3,0,1,0,2,0,9,0,8,0,0,4,0,0,0,0,"",0,0
1570,0,"高速深海魚雷 mod.2",2,3,22,5,0,0,13,0,0,0,0,0,0,3,0,1,4,0,0,0,0,"",0,0
1571,0,"深海水母小鬼機",5,7,11,10,0,4,0,11,4,15,0,8,0,8,15,4,5,0,0,0,0,"",0,0
1572,0,"深海熊猫艦戦",3,5,6,6,0,8,0,18,8,0,8,0,0,8,0,0,5,0,0,0,0,"",0,0
1573,0,"深海潜水下駄履き",5,7,11,10,0,6,0,6,3,9,6,3,0,12,18,5,5,0,0,0,0,"",0,0
1574,0,"深海攻撃哨戒鷹",3,5,8,8,0,3,0,8,3,22,3,3,0,8,14,4,5,0,0,0,0,"",0,0
1575,0,"深海攻撃哨戒鷹改",3,5,8,8,0,5,0,9,3,27,4,3,0,9,18,4,5,0,0,0,0,"",0,0
1576,0,"深海12inch三連装砲",1,1,3,3,0,16,0,3,2,0,2,0,0,9,0,3,4,0,0,0,0,"",0,0
1577,0,"深海15inch四連装砲",1,1,3,3,0,24,0,4,2,0,1,0,0,8,0,3,5,0,0,0,0,"",0,0
1578,0,"深海15inch連装砲後期型",1,1,3,16,0,19,0,8,1,0,2,0,0,10,0,3,5,0,0,0,0,"",0,0
1579,0,"深海14inch海峡連装砲",1,1,3,1,0,17,0,4,3,0,3,0,0,13,0,3,5,0,0,0,0,"",0,0
1580,0,"深海待伏魚雷",2,3,22,5,0,0,19,0,0,0,0,0,0,9,0,1,4,0,0,0,0,"",0,0
1581,0,"夜猫深海艦戦",3,5,6,45,0,2,0,11,0,0,3,2,0,3,0,1,5,0,0,0,0,"",0,0
1582,0,"夜深海艦爆",3,5,7,7,0,3,0,5,0,11,0,6,0,4,16,2,5,0,0,0,0,"",0,0
1583,0,"夜復讐深海艦攻",3,5,8,46,0,4,15,6,0,12,0,7,0,5,0,2,5,0,0,0,0,"",0,0
1584,0,"深海14inch連装砲改",1,1,3,3,0,22,0,4,4,0,4,0,0,14,0,3,5,0,0,0,0,"",0,0
1585,0,"深海16inch三連装砲改",1,1,3,3,0,27,0,4,5,0,0,0,0,20,0,4,5,0,0,0,0,"",0,0
1586,0,"深海攻撃哨戒鷹改二",3,5,8,8,0,9,0,10,3,29,5,5,0,13,27,4,5,0,0,0,0,"",0,0
1587,0,"深海16inch三連装砲改二",1,1,3,3,0,28,0,5,6,0,3,0,0,24,0,4,5,0,0,0,0,"",0,0
1588,0,"深海5inch連装砲C型",1,1,1,1,0,6,0,3,0,6,9,0,0,18,0,1,4,0,0,0,0,"",0,0
1589,0,"深海5.5inch連装砲改",1,1,2,2,0,8,0,4,4,6,7,0,0,19,0,2,4,0,0,0,0,"",0,0
1590,0,"深海標的",2,3,22,5,0,4,18,0,0,0,4,0,0,9,0,4,4,0,0,0,0,"",0,0
1591,0,"深海5inch単装砲 Mk.30",1,1,1,16,0,5,0,7,0,7,8,0,0,20,0,2,4,0,0,0,0,"",0,0
1592,0,"深海16inch Mk.VIII連装砲改",1,1,3,3,0,23,0,4,3,0,0,0,0,22,0,3,4,0,0,0,0,"",0,0
1593,0,"高速深海魚雷 mod.3",2,3,5,5,0,0,15,0,0,0,3,0,0,10,0,1,4,0,0,0,0,"",0,0
1594,0,"深海空要塞(偵察型)",3,5,7,7,0,17,0,9,0,0,0,7,0,3,3,4,3,0,0,0,0,"",0,0
1595,0,"深海空要塞Ace(偵察型)",3,5,7,7,0,17,0,17,0,0,0,9,0,7,7,4,4,0,0,0,0,"",0,0
1596,0,"深海6inch三連装新型速射砲",1,1,2,2,0,14,0,13,0,0,0,0,0,9,0,2,4,0,0,0,0,"",0,0
1597,0,"深海空要塞(重爆型)",3,5,7,7,0,17,0,9,0,0,0,5,0,3,27,4,3,0,0,0,0,"",0,0
1598,0,"深海空要塞Ace(重爆型)",3,5,7,7,0,17,0,17,0,0,0,7,0,7,37,4,4,0,0,0,0,"",0,0
1599,0,"深海4.7inch砲 Mk.XII",1,1,1,16,0,6,0,6,0,12,6,0,0,24,0,1,4,0,0,0,0,"",0,0
1600,0,"深海8inch連装速射砲",1,1,2,2,0,10,0,2,0,0,0,0,0,8,0,2,3,0,0,0,0,"",0,0
1601,0,"深海8inch三連装砲 Mk.9",1,1,2,2,0,12,0,2,0,0,0,0,0,9,0,2,4,0,0,0,0,"",0,0
1602,0,"深海5inch連装両用砲(集中配備)",1,1,1,16,0,7,0,18,0,0,3,0,0,7,0,2,4,0,0,0,0,"",0,0
1603,0,"深海対空レーダーMark.III+FCS",5,8,13,11,0,0,0,19,0,11,3,13,0,16,0,0,5,0,0,0,0,"",0,0
1604,0,"深海5inch連装砲A型",1,1,1,1,0,6,6,2,0,4,6,0,0,18,0,1,4,0,0,0,0,"",0,0
1605,0,"深海潜水艦搭載電子兵装",24,42,51,42,0,0,6,0,0,0,6,6,0,22,0,1,5,0,0,0,0,"",0,0
1606,0,"深海5inch単装高角砲改二",1,1,1,16,0,1,0,5,0,2,3,0,0,19,0,1,4,0,0,0,0,"",0,0
1607,0,"深海5inch連装高角砲改二",1,1,1,16,0,2,0,6,0,2,2,0,0,19,0,1,4,0,0,0,0,"",0,0
1608,0,"深海夜間航空作戦装備",5,8,13,11,0,3,0,0,0,0,0,0,0,3,0,4,4,0,0,0,0,"",0,0
1609,0,"深海16inch三連装砲 Mk6",1,1,2,2,0,25,0,3,3,0,4,0,0,25,0,3,4,0,0,0,0,"",0,0
1610,0,"深海カモメ水偵",5,7,10,10,0,0,0,0,0,4,3,6,0,4,0,0,2,0,0,0,0,"",0,0
1611,0,"深海海猫水偵",5,7,10,10,0,3,0,7,0,6,4,7,0,6,0,0,3,0,0,0,0,"",0,0
1612,0,"深海6inch三連装主砲 Mk.16",1,1,2,2,0,13,0,6,0,3,0,0,0,9,0,2,3,0,0,0,0,"",0,0
1613,0,"地中海12inch/46 連装砲",1,1,3,3,0,14,0,0,3,0,4,0,0,8,0,3,2,0,0,0,0,"",0,0
1614,0,"地中海12inch/46 三連装砲",1,1,3,3,0,17,0,0,3,0,3,0,0,9,0,3,3,0,0,0,0,"",0,0
1615,0,"地中海12.6inch/44 連装砲",1,1,3,3,0,16,7,0,3,0,5,0,0,10,0,3,3,0,0,0,0,"",0,0
1616,0,"地中海12.6inch/44 三連装砲",1,1,3,3,0,19,7,0,3,0,4,0,0,11,0,3,4,0,0,0,0,"",0,0
1617,0,"夜猫深海艦戦II",3,5,6,45,0,3,0,13,0,0,3,2,0,4,0,1,6,0,0,0,0,"",0,0
1618,0,"夜深海艦爆II",3,5,7,7,0,4,0,6,0,12,0,6,0,5,17,2,6,0,0,0,0,"",0,0
1619,0,"夜復讐深海艦攻II",3,5,8,46,0,5,17,7,0,13,0,7,0,6,0,2,6,0,0,0,0,"",0,0
1620,0,"深海戦爆複座鷹",3,5,7,7,0,5,0,10,3,20,4,3,0,10,12,4,5,0,0,0,0,"",0,0
1621,0,"深海戦爆複座鷹改",3,5,7,7,0,6,0,11,3,24,5,3,0,12,16,4,5,0,0,0,0,"",0,0
1622,0,"深海四連装(酸素)魚雷後期型",2,3,22,5,0,0,14,0,0,0,2,0,0,8,0,1,4,0,0,0,0,"",0,0
1623,0,"深海5inch連装砲D型",1,1,1,1,0,7,0,4,1,6,8,0,0,19,0,1,4,0,0,0,0,"",0,0
1624,0,"深海五連装(酸素)魚雷後期型",2,3,22,5,0,0,18,0,0,0,2,0,0,9,0,1,5,0,0,0,0,"",0,0
1625,0,"深海双発陸爆",3,5,7,7,0,0,6,3,0,5,0,3,0,2,12,0,3,0,0,0,0,"",0,0
1626,0,"深海双発陸爆Ace",3,5,7,7,0,0,7,5,0,7,0,4,0,3,17,0,4,0,0,0,0,"",0,0
1627,0,"深海5inch連装砲C型",1,1,1,1,0,6,0,2,2,5,9,0,0,18,0,1,3,0,0,0,0,"",0,0
1630,0,"深海空超要塞",21,38,47,37,0,18,0,12,0,0,0,4,0,5,33,5,4,0,0,0,0,"",0,0
1631,0,"深海空超要塞改",21,38,47,37,0,18,0,19,0,0,0,6,0,9,44,5,5,0,0,0,0,"",0,0
1632,0,"深海航空整備蟲",13,23,35,29,0,16,12,8,0,32,0,0,0,8,12,5,5,0,0,0,0,"",0,0
1633,0,"深海航空整備蟲pro",13,23,35,29,0,24,16,8,0,48,0,0,0,16,16,5,6,0,0,0,0,"",0,0
1634,0,"深海艤装水上汎用襲撃機",5,7,11,10,0,7,14,7,0,0,6,0,0,9,17,5,5,0,0,0,0,"",0,0
1635,0,"深海突破襲撃機",3,5,8,8,0,6,11,4,0,0,0,0,0,4,11,5,3,0,0,0,0,"",0,0
1636,0,"深海突破襲撃機Ace",3,5,8,8,0,9,13,6,0,0,0,0,0,6,16,5,4,0,0,0,0,"",0,0
1637,0,"沿岸突撃半水中魚雷艇",2,3,22,5,0,0,18,0,0,0,0,0,0,9,0,1,3,0,0,0,0,"",0,0
1638,0,"深海3inch単装高角砲+甲板機銃",1,1,1,1,0,5,0,7,0,0,0,0,0,3,0,1,2,0,0,0,0,"",0,0
1639,0,"深海水中探信儀 & 深海調整電探",7,10,12,18,0,0,0,3,0,16,8,5,0,13,0,2,3,0,0,0,0,"",0,0
1640,0,"深海観測阻塞気球",29,50,54,55,0,1,0,0,1,0,3,0,0,3,0,0,3,0,0,0,0,"",0,0
1641,0,"深海標準14inch/45 連装砲",1,1,3,3,0,16,0,0,3,0,2,0,0,4,0,3,2,0,0,0,0,"",0,0
1642,0,"深海標準14inch/45 三連装砲",1,1,3,3,0,19,0,0,4,0,1,0,0,6,0,3,3,0,0,0,0,"",0,0
1643,0,"深海3.7cm FlaK",4,6,21,15,0,1,0,8,0,0,1,0,0,4,0,0,3,0,0,0,0,"",0,0
1644,0,"深海5inch単装砲 Mk.30+GFCS",1,1,1,16,0,6,0,12,0,9,9,0,0,22,0,2,5,0,0,0,0,"",0,0
1645,0,"深海533mm 5連装魚雷+深海SG",2,3,5,5,0,0,18,0,0,4,4,12,0,12,0,2,5,0,0,0,0,"",0,0
1646,0,"深海Hedgehog Mk.10",7,32,15,17,0,0,0,0,0,22,2,0,0,4,0,0,5,0,0,0,0,"",0,0
1647,0,"GFCS+深海5inch連装砲 Mk.32",1,1,2,16,0,11,0,19,0,11,7,0,0,23,0,2,5,0,0,0,0,"",0,0
1648,0,"深海対戦回転翼海鴎",3,15,25,21,0,8,0,0,0,18,0,4,0,18,18,3,5,0,0,0,0,"",0,0
